trial,mode,finalization_seconds,run_attestation_seconds,verification_seconds
0,direct,0.2260332999867387,0.6767752000014298,0.057571499986806884
0,graph,0.48089649999747053,1.3137331000179984,0.07523859999491833
1,graph,0.928985799982911,1.10321090000798,0.1032693000161089
1,direct,0.2842294000147376,1.425835800007917,0.07793599998694845
2,direct,0.3795599000004586,0.929908299993258,0.08513880000100471
2,graph,0.5044165000144858,1.2236059999850113,0.09732120000990108
3,direct,0.4415361999999732,1.1088447000074666,0.07215989998076111
3,graph,0.5658561000018381,0.8637865000055172,0.06962619998375885
4,graph,0.6768595999747049,0.6294417000026442,0.09653650000109337
4,direct,0.4092594000103418,1.2671246000099927,0.07545160001609474
5,direct,0.28982340000220574,0.6694287999998778,0.09945389998028986
5,graph,0.45007509997230954,1.387998799997149,0.07132699998328462
6,direct,0.29538999998476356,1.717873799992958,0.07217830000445247
6,graph,0.38068919998477213,0.6546918000094593,0.10587149998173118
7,graph,0.5311131000053138,1.0560185999784153,0.08212279999861494
7,direct,0.21889429999282584,1.4041037000133656,0.06279339999309741
8,direct,0.24928010001895018,0.8374862999771722,0.058927000005496666
8,graph,0.5495814999740105,0.9608638999925461,0.0646439999982249
9,direct,0.3591950999980327,0.8040640999970492,0.061697700002696365
9,graph,0.2991236999805551,0.9583343999984208,0.06012689997442067
10,graph,0.28511490000528283,1.057531200000085,0.06304130001808517
10,direct,0.2403819999890402,0.4491911999939475,0.0637529999949038
11,direct,0.3843905000248924,1.1707484999787994,0.06930269999429584
11,graph,0.4436588000098709,1.7699065000051633,0.059854399994947016
12,direct,0.6228998000151478,0.7019053999974858,0.06243890000041574
12,graph,0.3646089999820106,1.081586000014795,0.0593442999816034
13,graph,0.35762519997661,0.8101466000080109,0.06083010000293143
13,direct,0.28245510000851937,0.7168451999896206,0.06279350002296269
14,direct,0.28092230000765994,0.520895699999528,0.06277740001678467
14,graph,0.31388200001674704,1.0998682999925222,0.060442999994847924
15,direct,0.2568324000167195,0.6737801000126638,0.06389499999932013
15,graph,0.2912052000174299,0.7646748000115622,0.05886739998823032
16,graph,0.48613409997778945,0.5943495999963488,0.05722010001773015
16,direct,0.2980569000064861,1.0301395999849774,0.05756620000465773
17,direct,0.30243420001352206,1.428226200019708,0.059119800018379465
17,graph,0.27919410000322387,0.7241407000110485,0.06494690000545233
18,direct,0.20091370001318865,0.8901899000047706,0.05954149999888614
18,graph,0.5463039000169374,0.533080199995311,0.05934259999776259
19,graph,0.3277304000221193,0.6469366000092123,0.06147020001662895
19,direct,0.26992729998892173,0.6449139000033028,0.05884770001284778
20,direct,0.20632690002094023,1.00400419998914,0.0621034000068903
20,graph,0.3447922999621369,0.5975578000070527,0.05899439999484457
21,direct,0.5551741999806836,1.0963265000027604,0.05876159999752417
21,graph,0.3112457000243012,0.879415200004587,0.05943190000834875
22,graph,0.690868000005139,1.2570524000038859,0.059944900014670566
22,direct,0.33105810001143254,0.6080879000073764,0.06004229999962263
23,direct,0.41906699998071417,0.7713508000015281,0.06305629998678342
23,graph,0.2774988999881316,0.9643841999932192,0.05960149999009445
24,direct,0.23805849999189377,0.8688929999771062,0.060453300015069544
24,graph,0.28851299997768365,0.7576217999740038,0.05728599999565631
25,graph,0.3087637999851722,0.5668051000102423,0.06120850000297651
25,direct,0.1977195999934338,0.9154354000056628,0.05862860000343062
26,direct,0.37506720001692884,0.7557212000247091,0.06173739998484962
26,graph,0.2751138999883551,0.7727434000116773,0.06077849998837337
27,direct,0.28639900000416674,0.6422274000069592,0.05947450001258403
27,graph,0.3575193999859039,0.5474494000081904,0.06134559999918565
28,graph,0.3036833999794908,0.9390851999924053,0.05958899998222478
28,direct,0.31029019999550655,1.698658700013766,0.05793109998921864
29,direct,0.1972585000039544,0.676498899993021,0.07430750000639819
29,graph,0.30842860002303496,0.5474313000158872,0.062078700022539124
