seed,method,k_percent,recall,ndcg
100,critical_alert_volume,10,0.2,0.38685280723454163
100,critical_alert_volume,20,0.4,0.44149241373678083
100,critical_alert_volume,30,0.6,0.5043776700708298
100,fastest_median_closure,10,0.4,1.0
100,fastest_median_closure,20,0.4,0.6366824387328317
100,fastest_median_closure,30,0.6,0.6739577727076379
100,random,10,0.09700000000000002,0.23967132018086354
100,random,20,0.21100000000000002,0.25600471314458784
100,random,30,0.29100000000000004,0.2728708398293588
100,satsa,10,0.4,1.0
100,satsa,20,0.6,0.8048099750039491
100,satsa,30,0.8,0.830419897363192
101,critical_alert_volume,10,0.2,0.38685280723454163
101,critical_alert_volume,20,0.2,0.24630238874073
101,critical_alert_volume,30,0.4,0.34519134224686937
101,fastest_median_closure,10,0.4,1.0
101,fastest_median_closure,20,0.8,1.0
101,fastest_median_closure,30,0.8,0.8687949224876582
101,random,10,0.10300000000000001,0.2569342640361727
101,random,20,0.212,0.26265722548769144
101,random,30,0.295,0.28056661606345457
101,satsa,10,0.4,1.0
101,satsa,20,0.8,1.0
101,satsa,30,0.8,0.8687949224876582
102,critical_alert_volume,10,0.2,0.38685280723454163
102,critical_alert_volume,20,0.2,0.24630238874073
102,critical_alert_volume,30,0.6,0.4660026449463635
102,fastest_median_closure,10,0.4,1.0
102,fastest_median_closure,20,0.8,1.0
102,fastest_median_closure,30,1.0,0.9896062251871524
102,random,10,0.095,0.24259162367444564
102,random,20,0.193,0.2438725664185336
102,random,30,0.301,0.2796078568512665
102,satsa,10,0.4,1.0
102,satsa,20,0.8,1.0
102,satsa,30,0.8,0.8687949224876582
103,critical_alert_volume,10,0.0,0.0
103,critical_alert_volume,20,0.2,0.19519002499605084
103,critical_alert_volume,30,0.4,0.29039140533630226
103,fastest_median_closure,10,0.4,1.0
103,fastest_median_closure,20,0.6,0.8318724637288826
103,fastest_median_closure,30,0.8,0.8435378753444459
103,random,10,0.091,0.2348545675297548
103,random,20,0.19400000000000003,0.24477345637399295
103,random,30,0.28800000000000003,0.2719337542813251
103,satsa,10,0.4,1.0
103,satsa,20,0.8,1.0
103,satsa,30,1.0,1.0
104,critical_alert_volume,10,0.0,0.0
104,critical_alert_volume,20,0.2,0.16812753627111746
104,critical_alert_volume,30,0.4,0.27727342735504823
104,fastest_median_closure,10,0.4,1.0
104,fastest_median_closure,20,0.8,1.0
104,fastest_median_closure,30,1.0,1.0
104,random,10,0.099,0.2537230956021002
104,random,20,0.21,0.26094088186436876
104,random,30,0.307,0.28805194536787476
104,satsa,10,0.4,1.0
104,satsa,20,0.8,1.0
104,satsa,30,1.0,1.0
105,critical_alert_volume,10,0.2,0.38685280723454163
105,critical_alert_volume,20,0.2,0.24630238874073
105,critical_alert_volume,30,0.2,0.21398626473452756
105,fastest_median_closure,10,0.4,1.0
105,fastest_median_closure,20,0.6,0.8048099750039491
105,fastest_median_closure,30,0.8,0.830419897363192
105,random,10,0.109,0.27080279210851815
105,random,20,0.213,0.2672838853556491
105,random,30,0.313,0.2954788218830415
105,satsa,10,0.4,1.0
105,satsa,20,0.8,1.0
105,satsa,30,0.8,0.8687949224876582
106,critical_alert_volume,10,0.2,0.6131471927654584
106,critical_alert_volume,20,0.4,0.5855700749881525
106,critical_alert_volume,30,0.6,0.639945385422766
106,fastest_median_closure,10,0.4,1.0
106,fastest_median_closure,20,0.6,0.8318724637288826
106,fastest_median_closure,30,0.6,0.7227265726449519
106,random,10,0.099,0.24580279210851813
106,random,20,0.18900000000000003,0.23810945996847876
106,random,30,0.29200000000000004,0.27194439878066523
106,satsa,10,0.4,1.0
106,satsa,20,0.6,0.8048099750039491
106,satsa,30,0.8,0.8200261225503442
107,critical_alert_volume,10,0.0,0.0
107,critical_alert_volume,20,0.2,0.19519002499605084
107,critical_alert_volume,30,0.2,0.16958010263680806
107,fastest_median_closure,10,0.4,1.0
107,fastest_median_closure,20,0.6,0.8048099750039491
107,fastest_median_closure,30,0.6,0.6992148198508501
107,random,10,0.113,0.278539848253209
107,random,20,0.21,0.2647017200374786
107,random,30,0.30200000000000005,0.2880392155391618
107,satsa,10,0.4,1.0
107,satsa,20,0.8,1.0
107,satsa,30,1.0,0.9896062251871524
108,critical_alert_volume,10,0.2,0.6131471927654584
108,critical_alert_volume,20,0.4,0.5585075862632192
108,critical_alert_volume,30,0.4,0.48522855511632257
108,fastest_median_closure,10,0.4,1.0
108,fastest_median_closure,20,0.8,1.0
108,fastest_median_closure,30,0.8,0.8687949224876582
108,random,10,0.10100000000000002,0.24401396054259064
108,random,20,0.20199999999999999,0.24730005636851057
108,random,30,0.29200000000000004,0.2716606565996652
108,satsa,10,0.4,1.0
108,satsa,20,0.8,1.0
108,satsa,30,1.0,1.0
109,critical_alert_volume,10,0.2,0.6131471927654584
109,critical_alert_volume,20,0.4,0.5585075862632192
109,critical_alert_volume,30,0.4,0.48522855511632257
109,fastest_median_closure,10,0.4,1.0
109,fastest_median_closure,20,0.8,1.0
109,fastest_median_closure,30,1.0,0.9896062251871524
109,random,10,0.091,0.2280657359638273
109,random,20,0.193,0.23825736441884957
109,random,30,0.295,0.27136490315453476
109,satsa,10,0.4,1.0
109,satsa,20,0.6,0.8318724637288826
109,satsa,30,0.6,0.7227265726449519
110,critical_alert_volume,10,0.0,0.0
110,critical_alert_volume,20,0.2,0.16812753627111746
110,critical_alert_volume,30,0.2,0.14606834984270645
110,fastest_median_closure,10,0.4,1.0
110,fastest_median_closure,20,0.8,1.0
110,fastest_median_closure,30,0.8,0.8687949224876582
110,random,10,0.113,0.28759162367444563
110,random,20,0.19,0.2525695733114244
110,random,30,0.29,0.2822793512986061
110,satsa,10,0.4,1.0
110,satsa,20,0.8,1.0
110,satsa,30,1.0,0.9896062251871524
111,critical_alert_volume,10,0.0,0.0
111,critical_alert_volume,20,0.2,0.19519002499605084
111,critical_alert_volume,30,0.2,0.16958010263680806
111,fastest_median_closure,10,0.2,0.6131471927654584
111,fastest_median_closure,20,0.4,0.5585075862632192
111,fastest_median_closure,30,0.6,0.6164336326286644
111,random,10,0.11200000000000002,0.28565735963827293
111,random,20,0.212,0.2725671022496446
111,random,30,0.316,0.30264098657112837
111,satsa,10,0.4,1.0
111,satsa,20,0.6,0.8318724637288826
111,satsa,30,0.8,0.8435378753444459
112,critical_alert_volume,10,0.2,0.6131471927654584
112,critical_alert_volume,20,0.4,0.5855700749881525
112,critical_alert_volume,30,0.6,0.639945385422766
112,fastest_median_closure,10,0.4,1.0
112,fastest_median_closure,20,0.8,1.0
112,fastest_median_closure,30,1.0,1.0
112,random,10,0.094,0.23952588771061833
112,random,20,0.199,0.24848169215618554
112,random,30,0.29600000000000004,0.2769676202407735
112,satsa,10,0.4,1.0
112,satsa,20,0.8,1.0
112,satsa,30,0.8,0.8687949224876582
113,critical_alert_volume,10,0.0,0.0
113,critical_alert_volume,20,0.2,0.16812753627111746
113,critical_alert_volume,30,0.2,0.14606834984270645
113,fastest_median_closure,10,0.4,1.0
113,fastest_median_closure,20,0.4,0.6366824387328317
113,fastest_median_closure,30,0.4,0.5531464700081437
113,random,10,0.08800000000000001,0.21547411228938165
113,random,20,0.193,0.23262709935063955
113,random,30,0.28300000000000003,0.25880892829653074
113,satsa,10,0.4,1.0
113,satsa,20,0.8,1.0
113,satsa,30,1.0,1.0
114,critical_alert_volume,10,0.0,0.0
114,critical_alert_volume,20,0.2,0.16812753627111746
114,critical_alert_volume,30,0.4,0.26687965254220064
114,fastest_median_closure,10,0.4,1.0
114,fastest_median_closure,20,0.6,0.8048099750039491
114,fastest_median_closure,30,0.6,0.6992148198508501
114,random,10,0.115,0.2858027921085181
114,random,20,0.215,0.27252438410584656
114,random,30,0.317,0.30129182248957515
114,satsa,10,0.4,1.0
114,satsa,20,0.6,0.8318724637288826
114,satsa,30,0.8,0.8539316501572937
115,critical_alert_volume,10,0.0,0.0
115,critical_alert_volume,20,0.0,0.0
115,critical_alert_volume,30,0.2,0.1208113026994942
115,fastest_median_closure,10,0.2,0.6131471927654584
115,fastest_median_closure,20,0.4,0.5855700749881525
115,fastest_median_closure,30,0.6,0.6295516106099184
115,random,10,0.095,0.23467132018086354
115,random,20,0.192,0.23690671104438268
115,random,30,0.287,0.2657551912700179
115,satsa,10,0.4,1.0
115,satsa,20,0.6,0.8318724637288826
115,satsa,30,0.6,0.7227265726449519
116,critical_alert_volume,10,0.4,1.0
116,critical_alert_volume,20,0.6,0.8318724637288826
116,critical_alert_volume,30,0.6,0.7227265726449519
116,fastest_median_closure,10,0.4,1.0
116,fastest_median_closure,20,0.4,0.6366824387328317
116,fastest_median_closure,30,0.6,0.6843515475204855
116,random,10,0.095,0.2437230956021002
116,random,20,0.187,0.23927850374940765
116,random,30,0.292,0.27453195322714663
116,satsa,10,0.4,1.0
116,satsa,20,0.8,1.0
116,satsa,30,1.0,1.0
117,critical_alert_volume,10,0.2,0.6131471927654584
117,critical_alert_volume,20,0.4,0.5855700749881525
117,critical_alert_volume,30,0.6,0.639945385422766
117,fastest_median_closure,10,0.4,1.0
117,fastest_median_closure,20,0.8,1.0
117,fastest_median_closure,30,1.0,1.0
117,random,10,0.09,0.2238685280723454
117,random,20,0.18900000000000003,0.23211597571319278
117,random,30,0.293,0.267445284353289
117,satsa,10,0.4,1.0
117,satsa,20,0.8,1.0
117,satsa,30,1.0,0.9896062251871524
118,critical_alert_volume,10,0.0,0.0
118,critical_alert_volume,20,0.2,0.16812753627111746
118,critical_alert_volume,30,0.2,0.14606834984270645
118,fastest_median_closure,10,0.4,1.0
118,fastest_median_closure,20,0.4,0.6366824387328317
118,fastest_median_closure,30,0.6,0.6739577727076379
118,random,10,0.105,0.26080279210851814
118,random,20,0.21400000000000002,0.2655261867059727
118,random,30,0.314,0.2937438667246823
118,satsa,10,0.2,0.6131471927654584
118,satsa,20,0.4,0.5855700749881525
118,satsa,30,0.6,0.639945385422766
119,critical_alert_volume,10,0.4,1.0
119,critical_alert_volume,20,0.6,0.8318724637288826
119,critical_alert_volume,30,0.6,0.7227265726449519
119,fastest_median_closure,10,0.4,1.0
119,fastest_median_closure,20,0.8,1.0
119,fastest_median_closure,30,0.8,0.8687949224876582
119,random,10,0.09200000000000001,0.22207969650641793
119,random,20,0.207,0.2451038231891285
119,random,30,0.303,0.27306510620141855
119,satsa,10,0.4,1.0
119,satsa,20,0.8,1.0
119,satsa,30,0.8,0.8687949224876582
