group,sla_miss_rate,fast_closure_rate,cases_without_steps_rate,execution_gap_dimension,risk_total
Group_10,0.749271137026239,0.04081632653061224,0.0641399416909621,13.84,46.73
Group_12,0.8699186991869918,0.0,0.5691056910569106,15.22,45.68
Group_13,0.5,0.1111111111111111,0.08333333333333333,13.76,40.22
Group_15,0.9827586206896551,0.0,0.4827586206896552,15.14,38.27
Group_19,0.21621621621621623,0.10810810810810811,0.7837837837837838,15.95,46.15
Group_20,0.583756345177665,0.10913705583756345,0.2512690355329949,14.83,38.03
Group_21,0.603448275862069,0.05172413793103448,0.034482758620689655,14.58,43.87
Group_22,0.5439330543933054,0.08368200836820083,0.24267782426778242,14.79,37.99
Group_23,0.4130702836004932,0.21454993834771888,0.14180024660912455,14.49,35.4
Group_24,0.35188679245283017,0.1643059490084986,0.09150943396226414,15.81,36.72
Group_25,0.5720032180209171,0.042638777152051485,0.1745776347546259,13.75,34.66
Group_27,0.416988416988417,0.06177606177606178,0.017374517374517374,12.57,43.16
Group_28,0.46422018348623856,0.047706422018348627,0.15045871559633028,13.44,36.65
Group_29,0.622568093385214,0.07003891050583658,0.3852140077821012,9.46,30.31
Group_3,0.8282828282828283,0.06060606060606061,0.6060606060606061,16.01,51.08
Group_30,0.373134328358209,0.17537313432835822,0.24253731343283583,17.04,40.25
Group_31,0.6829268292682927,0.06829268292682927,0.13658536585365855,14.01,37.2
Group_33,0.6119402985074627,0.04975124378109453,0.0945273631840796,7.7,37.58
Group_34,0.27450980392156865,0.13725490196078433,0.0196078431372549,14.61,35.22
Group_37,0.75,0.017045454545454544,0.16477272727272727,8.67,31.76
Group_39,0.3119266055045872,0.11259382819015847,0.5204336947456214,15.38,48.42
Group_46,0.29518072289156627,0.2891566265060241,0.16265060240963855,14.61,35.48
Group_47,0.3333333333333333,0.044444444444444446,0.28888888888888886,7.99,35.33
Group_48,0.5,0.006172839506172839,0.6419753086419753,16.71,46.22
Group_49,0.25,0.06481481481481481,0.5277777777777778,11.16,41.78
Group_5,0.5214285714285715,0.2714285714285714,0.1357142857142857,15.19,42.71
Group_50,0.7450980392156863,0.0,0.0392156862745098,3.39,33.74
Group_51,0.5526315789473685,0.0,0.07894736842105263,12.37,39.34
Group_53,0.4838709677419355,0.0967741935483871,0.22580645161290322,17.17,37.94
Group_54,0.53,0.04,0.31,14.11,37.22
Group_55,0.3890784982935154,0.17747440273037543,0.3412969283276451,15.07,38.22
Group_56,0.39520958083832336,0.03592814371257485,0.5089820359281437,16.86,46.43
Group_57,0.6805111821086262,0.025559105431309903,0.15335463258785942,14.14,44.02
Group_58,0.352112676056338,0.08450704225352113,0.16901408450704225,15.01,38.14
Group_59,0.5681818181818182,0.022727272727272728,0.22727272727272727,14.06,34.36
Group_6,0.556420233463035,0.058365758754863814,0.019455252918287938,13.05,43.66
Group_61,0.868421052631579,0.0,0.13157894736842105,13.37,42.29
Group_62,0.37209302325581395,0.023255813953488372,0.13953488372093023,12.68,39.27
Group_64,0.10893854748603352,0.664804469273743,0.18854748603351956,17.64,44.99
Group_65,0.5654761904761905,0.03303303303303303,0.06547619047619048,12.81,36.02
Group_66,0.6968085106382979,0.026737967914438502,0.19148936170212766,8.22,41.11
Group_68,0.5555555555555556,0.08888888888888889,0.2222222222222222,15.59,36.17
Group_69,0.3424657534246575,0.3472222222222222,0.4520547945205479,16.83,46.42
Group_70,0.16158407454468446,0.6602150537634408,0.47543413807708595,17.24,40.45
Group_72,0.6321525885558583,0.02997275204359673,0.44141689373297005,14.82,38.03
Group_73,0.4600694444444444,0.03993055555555555,0.1701388888888889,14.13,37.34
Group_74,0.6952380952380952,0.0,0.2761904761904762,14.69,45.33
Group_75,0.95,0.0,0.25,6.01,35.45
Group_76,0.582010582010582,0.03867403314917127,0.6190476190476191,13.95,43.45
Group_9,0.9791666666666666,0.010416666666666666,0.052083333333333336,1.47,23.35
