trial,mode,processing_seconds,db_operations_total,trust_finalization_seconds
0,direct,1.0335169999743812,420,0.2260332999867387
0,graph,2.083422600000631,458,0.48089649999747053
0,direct_unreviewed,0.9853732999763452,253,
1,graph,2.2752359000151046,458,0.928985799982911
1,direct_unreviewed,0.9250893999997061,253,
1,direct,1.8560643999953754,420,0.2842294000147376
2,direct_unreviewed,1.0968922000029124,253,
2,direct,1.475973900029203,420,0.3795599000004586
2,graph,1.9539607999904547,458,0.5044165000144858
3,direct,1.703077599988319,420,0.4415361999999732
3,graph,1.652261900017038,458,0.5658561000018381
3,direct_unreviewed,0.7464131999877281,253,
4,graph,1.5331919000018388,458,0.6768595999747049
4,direct_unreviewed,1.4382081000076141,253,
4,direct,1.8379471999942325,420,0.4092594000103418
5,direct_unreviewed,1.8318519000022206,253,
5,direct,1.128225599968573,420,0.28982340000220574
5,graph,2.0668648999999277,458,0.45007509997230954
6,direct,2.2103105999995023,420,0.29538999998476356
6,graph,1.2753675999992993,458,0.38068919998477213
6,direct_unreviewed,1.006729799992172,253,
7,graph,1.8295739000022877,458,0.5311131000053138
7,direct_unreviewed,1.1259633000008762,253,
7,direct,1.760795100039104,420,0.21889429999282584
8,direct_unreviewed,0.6454028000007384,253,
8,direct,1.219978099979926,420,0.24928010001895018
8,graph,1.70637050003279,458,0.5495814999740105
9,direct,1.294256699969992,420,0.3591950999980327
9,graph,1.4501337999827228,458,0.2991236999805551
9,direct_unreviewed,0.9003133000223897,253,
10,graph,1.5350774000107776,458,0.28511490000528283
10,direct_unreviewed,2.0442895000160206,253,
10,direct,0.8167872999911197,420,0.2403819999890402
11,direct_unreviewed,0.876181200001156,253,
11,direct,1.6802261999691837,420,0.3843905000248924
11,graph,2.3931711000041105,458,0.4436588000098709
12,direct,1.4471259999845643,420,0.6228998000151478
12,graph,1.6361973000166472,458,0.3646089999820106
12,direct_unreviewed,0.5933612999797333,253,
13,graph,1.3602974000095855,458,0.35762519997661
13,direct_unreviewed,0.9667251000064425,253,
13,direct,1.126949199999217,420,0.28245510000851937
14,direct_unreviewed,0.7399467000213917,253,
14,direct,0.932244699972216,420,0.28092230000765994
14,graph,1.6041709000128321,458,0.31388200001674704
15,direct,1.0712441000214312,420,0.2568324000167195
15,graph,1.2428530000033788,458,0.2912052000174299
15,direct_unreviewed,1.2167889999982435,253,
16,graph,1.25202990003163,458,0.48613409997778945
16,direct_unreviewed,1.222235199995339,253,
16,direct,1.4523966999840923,420,0.2980569000064861
17,direct_unreviewed,1.2358331000141334,253,
17,direct,1.8542578000051435,420,0.30243420001352206
17,graph,1.195416300004581,458,0.27919410000322387
18,direct,1.2214589999930467,420,0.20091370001318865
18,graph,1.2638397999689914,458,0.5463039000169374
18,direct_unreviewed,0.8752707999956328,253,
19,graph,1.16472920004162,458,0.3277304000221193
19,direct_unreviewed,0.8921235000016168,253,
19,direct,1.04040920000989,420,0.26992729998892173
20,direct_unreviewed,1.1053396000061184,253,
20,direct,1.3367317999945953,420,0.20632690002094023
20,graph,1.1419756000104826,458,0.3447922999621369
21,direct,1.7757634999870788,420,0.5551741999806836
21,graph,1.3709022000257391,458,0.3112457000243012
21,direct_unreviewed,0.6986612000036985,253,
22,graph,2.1212141000141855,458,0.690868000005139
22,direct_unreviewed,0.7785535000148229,253,
22,direct,1.0688756000017747,420,0.33105810001143254
23,direct_unreviewed,0.7553760999871884,253,
23,direct,1.317944799986435,420,0.41906699998071417
23,graph,1.4402046999894083,458,0.2774988999881316
24,direct,1.237458899995545,420,0.23805849999189377
24,graph,1.2314305000181776,458,0.28851299997768365
24,direct_unreviewed,1.098174899991136,253,
25,graph,1.0526396000059322,458,0.3087637999851722
25,direct_unreviewed,1.1071782000071835,253,
25,direct,1.2381968000263441,420,0.1977195999934338
26,direct_unreviewed,1.1154225000063889,253,
26,direct,1.258697299985215,420,0.37506720001692884
26,graph,1.225210300006438,458,0.2751138999883551
27,direct,1.0679395999759436,420,0.28639900000416674
27,graph,1.0905802999914158,458,0.3575193999859039
27,direct_unreviewed,0.8641790999972727,253,
28,graph,1.425104400026612,458,0.3036833999794908
28,direct_unreviewed,0.9362789999868255,253,
28,direct,2.136451300000772,420,0.31029019999550655
29,direct_unreviewed,1.0093159999814816,253,
29,direct,0.9936958000180312,420,0.1972585000039544
29,graph,1.0513625999737997,458,0.30842860002303496
