query_id,topic,source,query,date_searched,filters,result_count,retrieved,url
Q01,SOC performance measurement,OpenAlex,"""security operations center"" performance measurement",2026-09-27,title_and_abstract.search; from_publication_date 2005-01-01; relevance order,6,6,https://api.openalex.org/works?filter=title_and_abstract.search%3A%22security+operations+center%22+performance+measurement%2Cfrom_publication_date%3A2005-01-01&per-page=25&select=id%2Cdoi%2Cdisplay_name%2Cpublication_year%2Ctype%2Cprimary_location%2Cabstract_inverted_index%2Ccited_by_count
Q01,SOC performance measurement,Crossref,"""security operations center"" performance measurement",2026-09-27,query.bibliographic (quotes removed); from-pub-date 2005; relevance order,3901414,25,https://api.crossref.org/works?query.bibliographic=security+operations+center+performance+measurement&rows=25&filter=from-pub-date%3A2005&select=DOI%2Ctitle%2Cissued%2Ccontainer-title%2Ctype%2Cabstract
Q01,SOC performance measurement,arXiv,"abs:""security operations center"" AND abs:performance",2026-09-27,,ERROR: HTTP Error 406: Not Acceptable,0,
Q02,SOC maturity / assessment,OpenAlex,"""security operations center"" maturity assessment",2026-09-27,title_and_abstract.search; from_publication_date 2005-01-01; relevance order,16,16,https://api.openalex.org/works?filter=title_and_abstract.search%3A%22security+operations+center%22+maturity+assessment%2Cfrom_publication_date%3A2005-01-01&per-page=25&select=id%2Cdoi%2Cdisplay_name%2Cpublication_year%2Ctype%2Cprimary_location%2Cabstract_inverted_index%2Ccited_by_count
Q02,SOC maturity / assessment,Crossref,"""security operations center"" maturity assessment",2026-09-27,query.bibliographic (quotes removed); from-pub-date 2005; relevance order,2771539,25,https://api.crossref.org/works?query.bibliographic=security+operations+center+maturity+assessment&rows=25&filter=from-pub-date%3A2005&select=DOI%2Ctitle%2Cissued%2Ccontainer-title%2Ctype%2Cabstract
Q02,SOC maturity / assessment,arXiv,"abs:""security operations center"" AND abs:maturity",2026-09-27,,ERROR: HTTP Error 429: Unknown Error,0,
Q03,SOC metrics,OpenAlex,"""security operations center"" metrics evaluation",2026-09-27,title_and_abstract.search; from_publication_date 2005-01-01; relevance order,83,25,https://api.openalex.org/works?filter=title_and_abstract.search%3A%22security+operations+center%22+metrics+evaluation%2Cfrom_publication_date%3A2005-01-01&per-page=25&select=id%2Cdoi%2Cdisplay_name%2Cpublication_year%2Ctype%2Cprimary_location%2Cabstract_inverted_index%2Ccited_by_count
Q03,SOC metrics,Crossref,"""security operations center"" metrics evaluation",2026-09-27,query.bibliographic (quotes removed); from-pub-date 2005; relevance order,3062726,25,https://api.crossref.org/works?query.bibliographic=security+operations+center+metrics+evaluation&rows=25&filter=from-pub-date%3A2005&select=DOI%2Ctitle%2Cissued%2Ccontainer-title%2Ctype%2Cabstract
Q03,SOC metrics,arXiv,"abs:""security operations center"" AND abs:metrics",2026-09-27,,ERROR: HTTP Error 429: Unknown Error,0,
Q04,security operations analytics / workflow,OpenAlex,"""security operations"" analytics workflow",2026-09-27,title_and_abstract.search; from_publication_date 2005-01-01; relevance order,59,25,https://api.openalex.org/works?filter=title_and_abstract.search%3A%22security+operations%22+analytics+workflow%2Cfrom_publication_date%3A2005-01-01&per-page=25&select=id%2Cdoi%2Cdisplay_name%2Cpublication_year%2Ctype%2Cprimary_location%2Cabstract_inverted_index%2Ccited_by_count
Q04,security operations analytics / workflow,Crossref,"""security operations"" analytics workflow",2026-09-27,query.bibliographic (quotes removed); from-pub-date 2005; relevance order,1066902,25,https://api.crossref.org/works?query.bibliographic=security+operations+analytics+workflow&rows=25&filter=from-pub-date%3A2005&select=DOI%2Ctitle%2Cissued%2Ccontainer-title%2Ctype%2Cabstract
Q04,security operations analytics / workflow,arXiv,"abs:""security operations"" AND abs:workflow",2026-09-27,,ERROR: HTTP Error 429: Unknown Error,0,
Q05,alert prioritization,OpenAlex,security alert prioritization triage,2026-09-27,title_and_abstract.search; from_publication_date 2005-01-01; relevance order,72,25,https://api.openalex.org/works?filter=title_and_abstract.search%3Asecurity+alert+prioritization+triage%2Cfrom_publication_date%3A2005-01-01&per-page=25&select=id%2Cdoi%2Cdisplay_name%2Cpublication_year%2Ctype%2Cprimary_location%2Cabstract_inverted_index%2Ccited_by_count
Q05,alert prioritization,Crossref,security alert prioritization triage,2026-09-27,query.bibliographic (quotes removed); from-pub-date 2005; relevance order,737155,25,https://api.crossref.org/works?query.bibliographic=security+alert+prioritization+triage&rows=25&filter=from-pub-date%3A2005&select=DOI%2Ctitle%2Cissued%2Ccontainer-title%2Ctype%2Cabstract
Q05,alert prioritization,arXiv,abs:alert AND abs:prioritization AND abs:security,2026-09-27,,ERROR: HTTP Error 429: Unknown Error,0,
Q06,alert fatigue,OpenAlex,"""alert fatigue"" security operations",2026-09-27,title_and_abstract.search; from_publication_date 2005-01-01; relevance order,190,25,https://api.openalex.org/works?filter=title_and_abstract.search%3A%22alert+fatigue%22+security+operations%2Cfrom_publication_date%3A2005-01-01&per-page=25&select=id%2Cdoi%2Cdisplay_name%2Cpublication_year%2Ctype%2Cprimary_location%2Cabstract_inverted_index%2Ccited_by_count
Q06,alert fatigue,Crossref,"""alert fatigue"" security operations",2026-09-27,query.bibliographic (quotes removed); from-pub-date 2005; relevance order,1071599,25,https://api.crossref.org/works?query.bibliographic=alert+fatigue+security+operations&rows=25&filter=from-pub-date%3A2005&select=DOI%2Ctitle%2Cissued%2Ccontainer-title%2Ctype%2Cabstract
Q06,alert fatigue,arXiv,"abs:""alert fatigue""",2026-09-27,,ERROR: HTTP Error 429: Unknown Error,0,
Q07,human-in-the-loop SOC,OpenAlex,"""human-in-the-loop"" security operations center",2026-09-27,title_and_abstract.search; from_publication_date 2005-01-01; relevance order,71,25,https://api.openalex.org/works?filter=title_and_abstract.search%3A%22human-in-the-loop%22+security+operations+center%2Cfrom_publication_date%3A2005-01-01&per-page=25&select=id%2Cdoi%2Cdisplay_name%2Cpublication_year%2Ctype%2Cprimary_location%2Cabstract_inverted_index%2Ccited_by_count
Q07,human-in-the-loop SOC,Crossref,"""human-in-the-loop"" security operations center",2026-09-27,query.bibliographic (quotes removed); from-pub-date 2005; relevance order,3577892,25,https://api.crossref.org/works?query.bibliographic=human-in-the-loop+security+operations+center&rows=25&filter=from-pub-date%3A2005&select=DOI%2Ctitle%2Cissued%2Ccontainer-title%2Ctype%2Cabstract
Q07,human-in-the-loop SOC,arXiv,"abs:""human-in-the-loop"" AND abs:""security operations""",2026-09-27,,ERROR: HTTP Error 429: Unknown Error,0,
Q08,security process mining,OpenAlex,"""process mining"" security incident",2026-09-27,title_and_abstract.search; from_publication_date 2005-01-01; relevance order,11,11,https://api.openalex.org/works?filter=title_and_abstract.search%3A%22process+mining%22+security+incident%2Cfrom_publication_date%3A2005-01-01&per-page=25&select=id%2Cdoi%2Cdisplay_name%2Cpublication_year%2Ctype%2Cprimary_location%2Cabstract_inverted_index%2Ccited_by_count
Q08,security process mining,Crossref,"""process mining"" security incident",2026-09-27,query.bibliographic (quotes removed); from-pub-date 2005; relevance order,2020266,25,https://api.crossref.org/works?query.bibliographic=process+mining+security+incident&rows=25&filter=from-pub-date%3A2005&select=DOI%2Ctitle%2Cissued%2Ccontainer-title%2Ctype%2Cabstract
Q08,security process mining,arXiv,"abs:""process mining"" AND abs:security",2026-09-27,,ERROR: HTTP Error 429: Unknown Error,0,
Q09,conformance checking,OpenAlex,"""conformance checking"" incident management",2026-09-27,title_and_abstract.search; from_publication_date 2005-01-01; relevance order,4,4,https://api.openalex.org/works?filter=title_and_abstract.search%3A%22conformance+checking%22+incident+management%2Cfrom_publication_date%3A2005-01-01&per-page=25&select=id%2Cdoi%2Cdisplay_name%2Cpublication_year%2Ctype%2Cprimary_location%2Cabstract_inverted_index%2Ccited_by_count
Q09,conformance checking,Crossref,"""conformance checking"" incident management",2026-09-27,query.bibliographic (quotes removed); from-pub-date 2005; relevance order,3591762,25,https://api.crossref.org/works?query.bibliographic=conformance+checking+incident+management&rows=25&filter=from-pub-date%3A2005&select=DOI%2Ctitle%2Cissued%2Ccontainer-title%2Ctype%2Cabstract
Q09,conformance checking,arXiv,"abs:""conformance checking"" AND abs:incident",2026-09-27,,ERROR: HTTP Error 429: Unknown Error,0,
Q10,absence-based process analysis,OpenAlex,"""missing activities"" OR ""skipped activities"" conformance event log",2026-09-27,title_and_abstract.search; from_publication_date 2005-01-01; relevance order,1266,25,https://api.openalex.org/works?filter=title_and_abstract.search%3A%22missing+activities%22+OR+%22skipped+activities%22+conformance+event+log%2Cfrom_publication_date%3A2005-01-01&per-page=25&select=id%2Cdoi%2Cdisplay_name%2Cpublication_year%2Ctype%2Cprimary_location%2Cabstract_inverted_index%2Ccited_by_count
Q10,absence-based process analysis,Crossref,"""missing activities"" OR ""skipped activities"" conformance event log",2026-09-27,query.bibliographic (quotes removed); from-pub-date 2005; relevance order,578722,25,https://api.crossref.org/works?query.bibliographic=missing+activities+OR+skipped+activities+conformance+event+log&rows=25&filter=from-pub-date%3A2005&select=DOI%2Ctitle%2Cissued%2Ccontainer-title%2Ctype%2Cabstract
Q10,absence-based process analysis,arXiv,"abs:""conformance checking"" AND abs:missing",2026-09-27,,ERROR: HTTP Error 429: Unknown Error,0,
Q11,incident-response workflow analysis,OpenAlex,"""incident response"" process evaluation event log",2026-09-27,title_and_abstract.search; from_publication_date 2005-01-01; relevance order,39,25,https://api.openalex.org/works?filter=title_and_abstract.search%3A%22incident+response%22+process+evaluation+event+log%2Cfrom_publication_date%3A2005-01-01&per-page=25&select=id%2Cdoi%2Cdisplay_name%2Cpublication_year%2Ctype%2Cprimary_location%2Cabstract_inverted_index%2Ccited_by_count
Q11,incident-response workflow analysis,Crossref,"""incident response"" process evaluation event log",2026-09-27,query.bibliographic (quotes removed); from-pub-date 2005; relevance order,3922374,25,https://api.crossref.org/works?query.bibliographic=incident+response+process+evaluation+event+log&rows=25&filter=from-pub-date%3A2005&select=DOI%2Ctitle%2Cissued%2Ccontainer-title%2Ctype%2Cabstract
Q11,incident-response workflow analysis,arXiv,"abs:""incident response"" AND abs:""event log""",2026-09-27,,ERROR: HTTP Error 429: Unknown Error,0,
Q12,peer-group analytics,OpenAlex,"""peer group analysis"" anomaly detection",2026-09-27,title_and_abstract.search; from_publication_date 2005-01-01; relevance order,3,3,https://api.openalex.org/works?filter=title_and_abstract.search%3A%22peer+group+analysis%22+anomaly+detection%2Cfrom_publication_date%3A2005-01-01&per-page=25&select=id%2Cdoi%2Cdisplay_name%2Cpublication_year%2Ctype%2Cprimary_location%2Cabstract_inverted_index%2Ccited_by_count
Q12,peer-group analytics,Crossref,"""peer group analysis"" anomaly detection",2026-09-27,query.bibliographic (quotes removed); from-pub-date 2005; relevance order,7498311,25,https://api.crossref.org/works?query.bibliographic=peer+group+analysis+anomaly+detection&rows=25&filter=from-pub-date%3A2005&select=DOI%2Ctitle%2Cissued%2Ccontainer-title%2Ctype%2Cabstract
Q12,peer-group analytics,arXiv,"abs:""peer group"" AND abs:anomaly",2026-09-27,,ERROR: HTTP Error 429: Unknown Error,0,
Q13,SupTech,OpenAlex,suptech supervisory technology,2026-09-27,title_and_abstract.search; from_publication_date 2005-01-01; relevance order,144,25,https://api.openalex.org/works?filter=title_and_abstract.search%3Asuptech+supervisory+technology%2Cfrom_publication_date%3A2005-01-01&per-page=25&select=id%2Cdoi%2Cdisplay_name%2Cpublication_year%2Ctype%2Cprimary_location%2Cabstract_inverted_index%2Ccited_by_count
Q13,SupTech,Crossref,suptech supervisory technology,2026-09-27,query.bibliographic (quotes removed); from-pub-date 2005; relevance order,3660182,25,https://api.crossref.org/works?query.bibliographic=suptech+supervisory+technology&rows=25&filter=from-pub-date%3A2005&select=DOI%2Ctitle%2Cissued%2Ccontainer-title%2Ctype%2Cabstract
Q13,SupTech,arXiv,abs:suptech,2026-09-27,arXiv abs: field query; relevance order; no date filter,0,0,https://export.arxiv.org/api/query?search_query=abs:suptech&max_results=25&sortBy=relevance
Q14,cybersecurity supervision,OpenAlex,cybersecurity supervision regulator assessment critical infrastructure,2026-09-27,title_and_abstract.search; from_publication_date 2005-01-01; relevance order,4,4,https://api.openalex.org/works?filter=title_and_abstract.search%3Acybersecurity+supervision+regulator+assessment+critical+infrastructure%2Cfrom_publication_date%3A2005-01-01&per-page=25&select=id%2Cdoi%2Cdisplay_name%2Cpublication_year%2Ctype%2Cprimary_location%2Cabstract_inverted_index%2Ccited_by_count
Q14,cybersecurity supervision,Crossref,cybersecurity supervision regulator assessment critical infrastructure,2026-09-27,query.bibliographic (quotes removed); from-pub-date 2005; relevance order,2430414,25,https://api.crossref.org/works?query.bibliographic=cybersecurity+supervision+regulator+assessment+critical+infrastructure&rows=25&filter=from-pub-date%3A2005&select=DOI%2Ctitle%2Cissued%2Ccontainer-title%2Ctype%2Cabstract
Q14,cybersecurity supervision,arXiv,abs:cybersecurity AND abs:supervisory AND abs:assessment,2026-09-27,,ERROR: HTTP Error 429: Unknown Error,0,
Q15,tamper-evident logs,OpenAlex,"""tamper-evident"" log audit",2026-09-27,title_and_abstract.search; from_publication_date 2005-01-01; relevance order,532,25,https://api.openalex.org/works?filter=title_and_abstract.search%3A%22tamper-evident%22+log+audit%2Cfrom_publication_date%3A2005-01-01&per-page=25&select=id%2Cdoi%2Cdisplay_name%2Cpublication_year%2Ctype%2Cprimary_location%2Cabstract_inverted_index%2Ccited_by_count
Q15,tamper-evident logs,Crossref,"""tamper-evident"" log audit",2026-09-27,query.bibliographic (quotes removed); from-pub-date 2005; relevance order,123572,25,https://api.crossref.org/works?query.bibliographic=tamper-evident+log+audit&rows=25&filter=from-pub-date%3A2005&select=DOI%2Ctitle%2Cissued%2Ccontainer-title%2Ctype%2Cabstract
Q15,tamper-evident logs,arXiv,"abs:""tamper-evident"" AND abs:log",2026-09-27,,ERROR: HTTP Error 429: Unknown Error,0,
Q16,audit integrity,OpenAlex,"""secure audit log"" integrity",2026-09-27,title_and_abstract.search; from_publication_date 2005-01-01; relevance order,11,11,https://api.openalex.org/works?filter=title_and_abstract.search%3A%22secure+audit+log%22+integrity%2Cfrom_publication_date%3A2005-01-01&per-page=25&select=id%2Cdoi%2Cdisplay_name%2Cpublication_year%2Ctype%2Cprimary_location%2Cabstract_inverted_index%2Ccited_by_count
Q16,audit integrity,Crossref,"""secure audit log"" integrity",2026-09-27,query.bibliographic (quotes removed); from-pub-date 2005; relevance order,320420,25,https://api.crossref.org/works?query.bibliographic=secure+audit+log+integrity&rows=25&filter=from-pub-date%3A2005&select=DOI%2Ctitle%2Cissued%2Ccontainer-title%2Ctype%2Cabstract
Q16,audit integrity,arXiv,"abs:""audit log"" AND abs:integrity",2026-09-27,,ERROR: HTTP Error 429: Unknown Error,0,
Q17,cryptographic provenance,OpenAlex,cryptographic provenance audit trail decision,2026-09-27,title_and_abstract.search; from_publication_date 2005-01-01; relevance order,63,25,https://api.openalex.org/works?filter=title_and_abstract.search%3Acryptographic+provenance+audit+trail+decision%2Cfrom_publication_date%3A2005-01-01&per-page=25&select=id%2Cdoi%2Cdisplay_name%2Cpublication_year%2Ctype%2Cprimary_location%2Cabstract_inverted_index%2Ccited_by_count
Q17,cryptographic provenance,Crossref,cryptographic provenance audit trail decision,2026-09-27,query.bibliographic (quotes removed); from-pub-date 2005; relevance order,856916,25,https://api.crossref.org/works?query.bibliographic=cryptographic+provenance+audit+trail+decision&rows=25&filter=from-pub-date%3A2005&select=DOI%2Ctitle%2Cissued%2Ccontainer-title%2Ctype%2Cabstract
Q17,cryptographic provenance,arXiv,abs:provenance AND abs:cryptographic AND abs:audit,2026-09-27,,ERROR: HTTP Error 429: Unknown Error,0,
Q18,PQC audit systems,OpenAlex,"""post-quantum"" signature audit log",2026-09-27,title_and_abstract.search; from_publication_date 2005-01-01; relevance order,57,25,https://api.openalex.org/works?filter=title_and_abstract.search%3A%22post-quantum%22+signature+audit+log%2Cfrom_publication_date%3A2005-01-01&per-page=25&select=id%2Cdoi%2Cdisplay_name%2Cpublication_year%2Ctype%2Cprimary_location%2Cabstract_inverted_index%2Ccited_by_count
Q18,PQC audit systems,Crossref,"""post-quantum"" signature audit log",2026-09-27,query.bibliographic (quotes removed); from-pub-date 2005; relevance order,1611820,25,https://api.crossref.org/works?query.bibliographic=post-quantum+signature+audit+log&rows=25&filter=from-pub-date%3A2005&select=DOI%2Ctitle%2Cissued%2Ccontainer-title%2Ctype%2Cabstract
Q18,PQC audit systems,arXiv,"abs:""post-quantum"" AND abs:""audit log""",2026-09-27,,ERROR: HTTP Error 429: Unknown Error,0,
Q19,SOC decision support,OpenAlex,"""SOC"" analyst decision support evaluation",2026-09-27,title_and_abstract.search; from_publication_date 2005-01-01; relevance order,54,25,https://api.openalex.org/works?filter=title_and_abstract.search%3A%22SOC%22+analyst+decision+support+evaluation%2Cfrom_publication_date%3A2005-01-01&per-page=25&select=id%2Cdoi%2Cdisplay_name%2Cpublication_year%2Ctype%2Cprimary_location%2Cabstract_inverted_index%2Ccited_by_count
Q19,SOC decision support,Crossref,"""SOC"" analyst decision support evaluation",2026-09-27,query.bibliographic (quotes removed); from-pub-date 2005; relevance order,3608327,25,https://api.crossref.org/works?query.bibliographic=SOC+analyst+decision+support+evaluation&rows=25&filter=from-pub-date%3A2005&select=DOI%2Ctitle%2Cissued%2Ccontainer-title%2Ctype%2Cabstract
Q19,SOC decision support,arXiv,"abs:""SOC analysts"" AND abs:""decision support""",2026-09-27,,ERROR: HTTP Error 429: Unknown Error,0,
Q20,ITSM incident logs (external-data context),OpenAlex,IT service management incident event log analysis SLA,2026-09-27,title_and_abstract.search; from_publication_date 2005-01-01; relevance order,4,4,https://api.openalex.org/works?filter=title_and_abstract.search%3AIT+service+management+incident+event+log+analysis+SLA%2Cfrom_publication_date%3A2005-01-01&per-page=25&select=id%2Cdoi%2Cdisplay_name%2Cpublication_year%2Ctype%2Cprimary_location%2Cabstract_inverted_index%2Ccited_by_count
Q20,ITSM incident logs (external-data context),Crossref,IT service management incident event log analysis SLA,2026-09-27,query.bibliographic (quotes removed); from-pub-date 2005; relevance order,9222380,25,https://api.crossref.org/works?query.bibliographic=IT+service+management+incident+event+log+analysis+SLA&rows=25&filter=from-pub-date%3A2005&select=DOI%2Ctitle%2Cissued%2Ccontainer-title%2Ctype%2Cabstract
Q20,ITSM incident logs (external-data context),arXiv,"abs:""incident management"" AND abs:""event log""",2026-09-27,,ERROR: HTTP Error 429: Unknown Error,0,
