worker_removed,metric,n_seeds,full_mean,ablated_mean,median_difference,adequacy
fast-closure,ndcg@20%,5,0.9664,0.821,-0.1681,exploratory: too few observations for an interval estimate
fast-closure,precision@20%,5,0.95,0.75,-0.25,exploratory: too few observations for an interval estimate
fast-closure,recall@20%,5,0.76,0.6,-0.2,exploratory: too few observations for an interval estimate
ack-without-investigation,ndcg@20%,5,0.9664,0.9664,0,exploratory: too few observations for an interval estimate
ack-without-investigation,precision@20%,5,0.95,0.95,0,exploratory: too few observations for an interval estimate
ack-without-investigation,recall@20%,5,0.76,0.76,0,exploratory: too few observations for an interval estimate
critical-without-escalation,ndcg@20%,5,0.9664,0.9664,0,exploratory: too few observations for an interval estimate
critical-without-escalation,precision@20%,5,0.95,0.95,0,exploratory: too few observations for an interval estimate
critical-without-escalation,recall@20%,5,0.76,0.76,0,exploratory: too few observations for an interval estimate
repeated-investigation-pattern,ndcg@20%,5,0.9664,0.9664,0,exploratory: too few observations for an interval estimate
repeated-investigation-pattern,precision@20%,5,0.95,0.95,0,exploratory: too few observations for an interval estimate
repeated-investigation-pattern,recall@20%,5,0.76,0.76,0,exploratory: too few observations for an interval estimate
recurring-without-remediation,ndcg@20%,5,0.9664,1,0,exploratory: too few observations for an interval estimate
recurring-without-remediation,precision@20%,5,0.95,1,0,exploratory: too few observations for an interval estimate
recurring-without-remediation,recall@20%,5,0.76,0.8,0,exploratory: too few observations for an interval estimate
potential-metric-gaming,ndcg@20%,5,0.9664,0.9664,0,exploratory: too few observations for an interval estimate
potential-metric-gaming,precision@20%,5,0.95,0.95,0,exploratory: too few observations for an interval estimate
potential-metric-gaming,recall@20%,5,0.76,0.76,0,exploratory: too few observations for an interval estimate
negative-space,ndcg@20%,5,0.9664,0.8547,-0.02706,exploratory: too few observations for an interval estimate
negative-space,precision@20%,5,0.95,0.8,0,exploratory: too few observations for an interval estimate
negative-space,recall@20%,5,0.76,0.64,0,exploratory: too few observations for an interval estimate
anomaly,ndcg@20%,5,0.9664,1,0,exploratory: too few observations for an interval estimate
anomaly,precision@20%,5,0.95,1,0,exploratory: too few observations for an interval estimate
anomaly,recall@20%,5,0.76,0.8,0,exploratory: too few observations for an interval estimate
peer-benchmark,ndcg@20%,5,0.9664,0.9327,0,exploratory: too few observations for an interval estimate
peer-benchmark,precision@20%,5,0.95,0.9,0,exploratory: too few observations for an interval estimate
peer-benchmark,recall@20%,5,0.76,0.72,0,exploratory: too few observations for an interval estimate
coverage-gap,ndcg@20%,5,0.9664,1,0,exploratory: too few observations for an interval estimate
coverage-gap,precision@20%,5,0.95,1,0,exploratory: too few observations for an interval estimate
coverage-gap,recall@20%,5,0.76,0.8,0,exploratory: too few observations for an interval estimate
drift,ndcg@20%,5,0.9664,0.9664,0,exploratory: too few observations for an interval estimate
drift,precision@20%,5,0.95,0.95,0,exploratory: too few observations for an interval estimate
drift,recall@20%,5,0.76,0.76,0,exploratory: too few observations for an interval estimate
cross-entity-insights,ndcg@20%,5,0.9664,0.9664,0,exploratory: too few observations for an interval estimate
cross-entity-insights,precision@20%,5,0.95,0.95,0,exploratory: too few observations for an interval estimate
cross-entity-insights,recall@20%,5,0.76,0.76,0,exploratory: too few observations for an interval estimate
case-similarity,ndcg@20%,5,0.9664,0.9327,0,exploratory: too few observations for an interval estimate
case-similarity,precision@20%,5,0.95,0.9,0,exploratory: too few observations for an interval estimate
case-similarity,recall@20%,5,0.76,0.72,0,exploratory: too few observations for an interval estimate
evidence-completeness,ndcg@20%,5,0.9664,0.9664,0,exploratory: too few observations for an interval estimate
evidence-completeness,precision@20%,5,0.95,0.95,0,exploratory: too few observations for an interval estimate
evidence-completeness,recall@20%,5,0.76,0.76,0,exploratory: too few observations for an interval estimate
workflow-reconstruction,ndcg@20%,5,0.9664,1,0,exploratory: too few observations for an interval estimate
workflow-reconstruction,precision@20%,5,0.95,1,0,exploratory: too few observations for an interval estimate
workflow-reconstruction,recall@20%,5,0.76,0.8,0,exploratory: too few observations for an interval estimate
entity-asset-resolution,ndcg@20%,5,0.9664,0.9664,0,exploratory: too few observations for an interval estimate
entity-asset-resolution,precision@20%,5,0.95,0.95,0,exploratory: too few observations for an interval estimate
entity-asset-resolution,recall@20%,5,0.76,0.76,0,exploratory: too few observations for an interval estimate
