bundle,experiment,dataset,dataset_version,data_origin,seed,code_commit
controlled-final-seed-17,satsa-controlled-supervisory-benchmark,satsa-controlled-supervisory-benchmark,1.0.0,synthetic,17,82085d2
EXP-A01-component-ablation,satsa-component-ablation-v1,catalog-scenarios-and-generated-populations,1.0,synthetic,300,9325fdd
EXP-O01-orchestration-overhead,satsa-orchestration-overhead-v1,controlled-orchestration-mixed,1.0,synthetic,0,698b507
EXP-O02-orchestration-recovery,satsa-orchestration-recovery-v1,controlled-orchestration-mixed,1.0,synthetic,0,698b507
EXP-P01-peer-sweep,peer-cohort-sweep-v1,controlled-peer-cohort-sweep,1.0,synthetic,undefined,9325fdd
EXP-PR01-prioritization-replicated,satsa-prioritization-replicated-v1,generated-workload-populations,1.0,synthetic,100,9325fdd
EXP-R01b-evidence-robustness,satsa-evidence-perturbation-v1,controlled-evidence-perturbation,1.0,synthetic,0,400f2d6
EXP-T01-trust-mutation-matrix,trust-sat-controlled-mutation-v1,controlled-trust-synthetic-submission,1.0,synthetic,undefined,9325fdd
EXP-X02b-external-itsm,satsa-external-itsm-v1,uci-498-incident-management-event-log,UCI 498 (2018 release),benchmark,0,c1206dd
EXP-X03-external-failure-analysis,satsa-external-itsm-failure-analysis-v1,uci-498-incident-management-event-log,UCI 498 (2018 release),benchmark,0,c1206dd
