check,status,duration_seconds,request_id
health,PASS,0.003,456dc09006834e6391aabc9795237436
readiness,PASS,0.004,afa65efd22564b9ebd41c4b0c85907ba
authentication,PASS,0.028,de413925842e445ba37f2f053002d5d1
organization_access,PASS,0.008,2652633537554765bbef8fb59a007809
entity_and_assessment,PASS,0.067,de0e882d81544268b25eecb9bac42372
submission,PASS,0.074,e04e4ae19f4f44a29ea34b96ab44a372
upload,PASS,0.056,3e49abda408a48b6af732c37c7189de5
validation,PASS,0.108,c428497a660f4953b57f496b8fd87cbb
analysis_run,PASS,0.041,1027ec24cd8647de87de42237d73a7d1
worker_review_checkpoint,PASS,6.154,dde6818f69984c8788a091bcd9e2515b
tenant_isolation,PASS,0.007,4b1c0077d7ae4c868db478da82aefc56
findings,PASS,0.012,067f643511ce4573a921caf975c2dd58
risk,PASS,0.01,3aef3dc0d91b458b835f39acc167aa3d
recommendations,PASS,0.014,288041f046cb4751bebed0974b400f05
decision,PASS,0.048,c4aaebaac7144086b31e150b0b6e9289
trust_finalization,PASS,2.06,80204bb249f94c4d9873629d08e4d36d
verification,PASS,0.076,8a4a3638155f410f884c42a3f09c4ae7
audit,PASS,0.011,731a88654ba64ec686e5600c028e3eef
