metric,method,n,median,mean,min,max
ndcg@10%,critical_alert_volume,20,0.3869,0.3307,0,1
ndcg@10%,fastest_median_closure,20,1,0.9613,0.6131,1
ndcg@10%,random,20,0.2439,0.2497,0.2155,0.2876
ndcg@10%,satsa,20,1,0.9807,0.6131,1
ndcg@20%,critical_alert_volume,20,0.2463,0.3572,0,0.8319
ndcg@20%,fastest_median_closure,20,0.8319,0.8384,0.5585,1
ndcg@20%,random,20,0.2479,0.2511,0.2321,0.2726
ndcg@20%,satsa,20,1,0.9261,0.5856,1
ndcg@30%,critical_alert_volume,20,0.3178,0.3799,0.1208,0.7227
ndcg@30%,fastest_median_closure,20,0.837,0.804,0.5531,1
ndcg@30%,random,20,0.2757,0.2794,0.2588,0.3026
ndcg@30%,satsa,20,0.8688,0.8873,0.6399,1
precision@10%,critical_alert_volume,20,0.5,0.325,0,1
precision@10%,fastest_median_closure,20,1,0.95,0.5,1
precision@10%,random,20,0.245,0.2496,0.22,0.2875
precision@10%,satsa,20,1,0.975,0.5,1
precision@20%,critical_alert_volume,20,0.25,0.3625,0,0.75
precision@20%,fastest_median_closure,20,0.75,0.7875,0.5,1
precision@20%,random,20,0.2506,0.2516,0.2338,0.2687
precision@20%,satsa,20,1,0.9,0.5,1
precision@30%,critical_alert_volume,20,0.3333,0.3333,0.1667,0.5
precision@30%,fastest_median_closure,20,0.6667,0.625,0.3333,0.8333
precision@30%,random,20,0.2458,0.2486,0.2358,0.2642
precision@30%,satsa,20,0.6667,0.7083,0.5,0.8333
recall@10%,critical_alert_volume,20,0.2,0.13,0,0.4
recall@10%,fastest_median_closure,20,0.4,0.38,0.2,0.4
recall@10%,random,20,0.098,0.09985,0.088,0.115
recall@10%,satsa,20,0.4,0.39,0.2,0.4
recall@20%,critical_alert_volume,20,0.2,0.29,0,0.6
recall@20%,fastest_median_closure,20,0.6,0.63,0.4,0.8
recall@20%,random,20,0.2005,0.2013,0.187,0.215
recall@20%,satsa,20,0.8,0.72,0.4,0.8
recall@30%,critical_alert_volume,20,0.4,0.4,0.2,0.6
recall@30%,fastest_median_closure,20,0.8,0.75,0.4,1
recall@30%,random,20,0.295,0.2984,0.283,0.317
recall@30%,satsa,20,0.8,0.85,0.6,1
