bundle,experiment,metric,n,independent_unit,repeated_or_derived,estimate,interval,comparisons,adequacy
controlled-final-seed-17,satsa-controlled-supervisory-benchmark,micro family precision / recall / F1,5,authored catalog scenario,12 scenario-family pairs,"{""f1"": 0.5882, ""precision"": 0.4167, ""recall"": 1.0}",undefined,0,descriptive: 5 authored scenarios
controlled-final-seed-17,satsa-controlled-supervisory-benchmark,closure-time detector F1 vs 5 baselines,12,construction-labelled closure record,none,"{""fixed_threshold"": 1.0, ""iqr"": null, ""mad"": 1.0, ""random"": 0.3333333333333333, ""satsa_fast_closure"": 1.0, ""zscore"": null}",undefined,5,"descriptive: 12 records, 3 positive"
controlled-final-seed-17,satsa-controlled-supervisory-benchmark,recall@k vs random order,1,generated population,"25 random permutations (comparator distribution, not replications)","{""10"": 0.5, ""20"": 0.5, ""50"": 1.0}",undefined,3,single population; superseded in scope by EXP-PR01
EXP-A01-component-ablation,satsa-component-ablation-v1,scenario micro recall with one worker removed,5,authored catalog scenario,16 ablated worker sets,"{""ack-without-investigation"": 1.0, ""anomaly"": 1.0, ""case-similarity"": 1.0, ""coverage-gap"": 1.0, ""critical-without-escalation"": 1.0, ""cross-entity-insights"": 1.0, ""drift"": 1.0, ""entity-asset-resolution"": 1.0, ""evidence-completeness"": 0.8, ""fast-closure"": 0.6, ""negative-space"": 0.6, ""peer-benchmark"": 1.0, ""potential-metric-gaming"": 1.0, ""recurring-without-remediation"": 1.0, ""repeated-investigation-pattern"": 1.0, ""workflow-reconstruction"": 1.0}",undefined,16,descriptive
EXP-A01-component-ablation,satsa-component-ablation-v1,population recall@20% change,5,generated population (seed),paired full vs ablated per seed,"{""ack-without-investigation"": 0.0, ""anomaly"": 0.0, ""case-similarity"": 0.0, ""coverage-gap"": 0.0, ""critical-without-escalation"": 0.0, ""cross-entity-insights"": 0.0, ""drift"": 0.0, ""entity-asset-resolution"": 0.0, ""evidence-completeness"": 0.0, ""fast-closure"": -0.2, ""negative-space"": 0.0, ""peer-benchmark"": 0.0, ""potential-metric-gaming"": 0.0, ""recurring-without-remediation"": 0.0, ""repeated-investigation-pattern"": 0.0, ""workflow-reconstruction"": 0.0}",undefined,48,exploratory (n < 10; no intervals)
EXP-O01-orchestration-overhead,satsa-orchestration-overhead-v1,graph_vs_direct_db_operations,30,none beyond one machine: repeated workflow runs,paired by trial index; rotated mode order,38,"[38.0, 38.0]",4,describes run-to-run variability on this machine only
EXP-O01-orchestration-overhead,satsa-orchestration-overhead-v1,graph_vs_direct_outside_domain_stages_seconds,30,none beyond one machine: repeated workflow runs,paired by trial index; rotated mode order,0.05901,"[0.057047, 0.060978]",4,describes run-to-run variability on this machine only
EXP-O01-orchestration-overhead,satsa-orchestration-overhead-v1,graph_vs_direct_processing_seconds,30,none beyond one machine: repeated workflow runs,paired by trial index; rotated mode order,0.09552,"[-0.019758, 0.21121]",4,describes run-to-run variability on this machine only
EXP-O01-orchestration-overhead,satsa-orchestration-overhead-v1,reviewed_finalized_vs_unreviewed_processing_seconds,30,none beyond one machine: repeated workflow runs,paired by trial index; rotated mode order,0.3183,"[0.176261, 0.568572]",4,describes run-to-run variability on this machine only
EXP-O02-orchestration-recovery,satsa-orchestration-recovery-v1,recovered with identical outputs,36,injected interruption run (6 points x 2 modes x 3 trials),3 deterministic repeats per cell,36,undefined,0,mechanism check; not a failure-rate estimate
EXP-P01-peer-sweep,peer-cohort-sweep-v1,peer finding emitted,96,engineered deterministic cell,factorial grid,49,undefined,0,"mechanism map, not a population sample"
EXP-PR01-prioritization-replicated,satsa-prioritization-replicated-v1,satsa_vs_critical_alert_volume:ndcg@20%,20,generated population (seed),random baseline = mean of 200 permutations per seed,0.6502,"[0.41443, 0.779254]",27,descriptive; uncorrected across comparisons
EXP-PR01-prioritization-replicated,satsa-prioritization-replicated-v1,satsa_vs_critical_alert_volume:precision@20%,20,generated population (seed),random baseline = mean of 200 permutations per seed,0.5,"[0.375, 0.75]",27,descriptive; uncorrected across comparisons
EXP-PR01-prioritization-replicated,satsa-prioritization-replicated-v1,satsa_vs_critical_alert_volume:recall@20%,20,generated population (seed),random baseline = mean of 200 permutations per seed,0.4,"[0.3, 0.6]",27,descriptive; uncorrected across comparisons
EXP-PR01-prioritization-replicated,satsa-prioritization-replicated-v1,satsa_vs_fastest_median_closure:ndcg@20%,20,generated population (seed),random baseline = mean of 200 permutations per seed,0,"[0.0, 0.181659]",27,descriptive; uncorrected across comparisons
EXP-PR01-prioritization-replicated,satsa-prioritization-replicated-v1,satsa_vs_fastest_median_closure:precision@20%,20,generated population (seed),random baseline = mean of 200 permutations per seed,0,"[0.0, 0.25]",27,descriptive; uncorrected across comparisons
EXP-PR01-prioritization-replicated,satsa-prioritization-replicated-v1,satsa_vs_fastest_median_closure:recall@20%,20,generated population (seed),random baseline = mean of 200 permutations per seed,0,"[0.0, 0.2]",27,descriptive; uncorrected across comparisons
EXP-PR01-prioritization-replicated,satsa-prioritization-replicated-v1,satsa_vs_random:ndcg@20%,20,generated population (seed),random baseline = mean of 200 permutations per seed,0.7382,"[0.59429, 0.753798]",27,descriptive; uncorrected across comparisons
EXP-PR01-prioritization-replicated,satsa-prioritization-replicated-v1,satsa_vs_random:precision@20%,20,generated population (seed),random baseline = mean of 200 permutations per seed,0.7375,"[0.511875, 0.754375]",27,descriptive; uncorrected across comparisons
EXP-PR01-prioritization-replicated,satsa-prioritization-replicated-v1,satsa_vs_random:recall@20%,20,generated population (seed),random baseline = mean of 200 permutations per seed,0.59,"[0.4095, 0.6035]",27,descriptive; uncorrected across comparisons
EXP-R01b-evidence-robustness,satsa-evidence-perturbation-v1,validation matches declared contract,245,authored fixture (5); conditions are perturbations of them,declared perturbation conditions,245,undefined,0,"conformance count, not a rate estimate for real data"
EXP-R01b-evidence-robustness,satsa-evidence-perturbation-v1,omission omit_records:0.10: rejected / family set changed,25,fixture x omission seed (seeds vary which records are removed),5 scenarios x 5 seeds,"{""family_set_changed"": 0, ""rejected"": 3}",undefined,0,descriptive counts
EXP-R01b-evidence-robustness,satsa-evidence-perturbation-v1,omission omit_records:0.25: rejected / family set changed,25,fixture x omission seed (seeds vary which records are removed),5 scenarios x 5 seeds,"{""family_set_changed"": 4, ""rejected"": 11}",undefined,0,descriptive counts
EXP-R01b-evidence-robustness,satsa-evidence-perturbation-v1,omission omit_records:0.50: rejected / family set changed,25,fixture x omission seed (seeds vary which records are removed),5 scenarios x 5 seeds,"{""family_set_changed"": 4, ""rejected"": 14}",undefined,0,descriptive counts
EXP-R01b-evidence-robustness,satsa-evidence-perturbation-v1,omission omit_records_cascade:0.10: rejected / family set changed,25,fixture x omission seed (seeds vary which records are removed),5 scenarios x 5 seeds,"{""family_set_changed"": 1, ""rejected"": 0}",undefined,0,descriptive counts
EXP-R01b-evidence-robustness,satsa-evidence-perturbation-v1,omission omit_records_cascade:0.25: rejected / family set changed,25,fixture x omission seed (seeds vary which records are removed),5 scenarios x 5 seeds,"{""family_set_changed"": 11, ""rejected"": 0}",undefined,0,descriptive counts
EXP-R01b-evidence-robustness,satsa-evidence-perturbation-v1,omission omit_records_cascade:0.50: rejected / family set changed,25,fixture x omission seed (seeds vary which records are removed),5 scenarios x 5 seeds,"{""family_set_changed"": 15, ""rejected"": 0}",undefined,0,descriptive counts
EXP-T01-trust-mutation-matrix,trust-sat-controlled-mutation-v1,mutations detected / expected tampered,14,one finalized workflow; mutation class is the condition,one mutation per class,13/13,undefined,0,not a detection-rate estimate
EXP-X02b-external-itsm,satsa-external-itsm-v1,Spearman rho (incident_volume) vs SLA-miss rate,50,assignment group within one organisation (not independent organisations),group-level aggregates of incidents,-0.1491,"[-0.423392, 0.160089]",4,descriptive; one external dataset
EXP-X02b-external-itsm,satsa-external-itsm-v1,Spearman rho (reassignment_rate) vs SLA-miss rate,50,assignment group within one organisation (not independent organisations),group-level aggregates of incidents,0.3699,"[0.078557, 0.604204]",4,descriptive; one external dataset
EXP-X02b-external-itsm,satsa-external-itsm-v1,Spearman rho (satsa_risk_score) vs SLA-miss rate,50,assignment group within one organisation (not independent organisations),group-level aggregates of incidents,-0.1107,"[-0.41838, 0.21386]",4,descriptive; one external dataset
EXP-X02b-external-itsm,satsa-external-itsm-v1,Spearman rho (slowest_median_resolution) vs SLA-miss rate,50,assignment group within one organisation (not independent organisations),group-level aggregates of incidents,0.9385,"[0.863896, 0.973177]",4,descriptive; one external dataset
EXP-X03-external-failure-analysis,satsa-external-itsm-failure-analysis-v1,Spearman rho (alerts_with_under_2_steps_rate) vs SLA-miss rate,50,assignment group within one organisation,diagnostic prevalence metric,-0.2832,"[-0.552627, 0.035284]",12,"diagnostic; used to explain X02b, not as a claim of effect"
EXP-X03-external-failure-analysis,satsa-external-itsm-failure-analysis-v1,Spearman rho (cases_without_steps_rate) vs SLA-miss rate,50,assignment group within one organisation,diagnostic prevalence metric,-0.1182,"[-0.405937, 0.180513]",12,"diagnostic; used to explain X02b, not as a claim of effect"
EXP-X03-external-failure-analysis,satsa-external-itsm-failure-analysis-v1,Spearman rho (fast_closure_rate) vs SLA-miss rate,50,assignment group within one organisation,diagnostic prevalence metric,-0.7009,"[-0.82241, -0.51585]",12,"diagnostic; used to explain X02b, not as a claim of effect"
EXP-X03-external-failure-analysis,satsa-external-itsm-failure-analysis-v1,Spearman rho (incidents) vs SLA-miss rate,50,assignment group within one organisation,diagnostic prevalence metric,-0.1491,"[-0.423392, 0.160089]",12,"diagnostic; used to explain X02b, not as a claim of effect"
EXP-X03-external-failure-analysis,satsa-external-itsm-failure-analysis-v1,Spearman rho (median_resolution_hours) vs SLA-miss rate,50,assignment group within one organisation,diagnostic prevalence metric,0.9385,"[0.864279, 0.971626]",12,"diagnostic; used to explain X02b, not as a claim of effect"
EXP-X03-external-failure-analysis,satsa-external-itsm-failure-analysis-v1,Spearman rho (median_steps_per_case) vs SLA-miss rate,50,assignment group within one organisation,diagnostic prevalence metric,0.2345,"[-0.081237, 0.519348]",12,"diagnostic; used to explain X02b, not as a claim of effect"
