cand_id,key,title,year,venue,doi,stage,decision,classification,reason_code,note,hits
C0023,doi:10.1016/j.cose.2023.103583,Combating alert fatigue with AlertPro: Context-aware alert prioritization using reinforcement learning for multi-step attack detection,2023,Computers & Security,10.1016/j.cose.2023.103583,abstract,INCLUDE,related work,,"RL-based context-aware alert prioritisation; alert-level, analyst-facing",Q05/Crossref;Q05/OpenAlex;Q06/Crossref
C0029,doi:10.1016/j.cose.2023.103529,Technical performance metrics of a security operations center,2023,Computers &amp; Security,10.1016/j.cose.2023.103529,abstract,INCLUDE,directly comparable,,design-science SOC technical metrics (already cited: forsberg2023metrics),Q01/Crossref;Q03/Crossref;Q03/OpenAlex
C0036,doi:10.1145/3723158,Alert Fatigue in Security Operations Centres: Research Challenges and Opportunities,2025,ACM Computing Surveys,10.1145/3723158,abstract,INCLUDE,related work,,alert-fatigue survey (already cited: tariq2025alertfatigue),Q06/Crossref;Q06/OpenAlex
C0038,doi:10.3390/risks10040071,Approaching European Supervisory Risk Assessment with SupTech: A Proposal of an Early Warning System,2022,Risks,10.3390/risks10040071,abstract,INCLUDE,background,,suptech early-warning proposal for European supervisory risk assessment,Q13/Crossref;Q13/OpenAlex
C0039,doi:10.1002/sec.1242,BAFi: a practical cryptographic secure audit logging scheme for digital forensics,2015,Security and Communication Networks,10.1002/sec.1242,abstract,INCLUDE,security infrastructure,,forward-secure aggregate audit logging (BAFi),Q16/Crossref;Q16/OpenAlex
C0043,doi:10.1016/j.cose.2024.104270,"CyberShapley: Explanation, prioritization, and triage of cybersecurity alerts using informative graph representation",2024,Computers & Security,10.1016/j.cose.2024.104270,abstract,INCLUDE,related work,,graph-based alert explanation and prioritisation,Q05/Crossref;Q05/OpenAlex
C0054,doi:10.1007/978-3-032-35579-9_22,Graph Analysis of Incident Response Process Activities and Communications,2026,Lecture notes in computer science,10.1007/978-3-032-35579-9_22,abstract,INCLUDE,related work,,knowledge-graph analysis of incident-response processes from tool logs,Q08/OpenAlex;Q11/OpenAlex
C0056,doi:10.14722/wosoc.2025.23002,"Human Performance in Security Operations: A Survey on Burnout, Well-Being and Flow State Among Practitioners",2025,Proceedings 2025 Workshop on Security Operation Center Operations and Construction,10.14722/wosoc.2025.23002,abstract,INCLUDE,background,,survey of burnout and well-being among SOC practitioners,Q01/Crossref;Q07/Crossref
C0063,doi:10.1109/ths.2016.7568907,Learning to rank for alert triage,2016,,10.1109/ths.2016.7568907,abstract,INCLUDE,related work,,learning to rank for alert triage,Q05/Crossref;Q05/OpenAlex
C0067,doi:10.14722/ndss.2019.23349,NoDoze: Combatting Threat Alert Fatigue with Automated Provenance Triage,2019,Proceedings 2019 Network and Distributed System Security Symposium,10.14722/ndss.2019.23349,abstract,INCLUDE,related work,,NoDoze provenance triage (already cited: hassan2019nodoze),Q05/Crossref;Q06/Crossref
C0081,doi:10.1596/35322,The Next Wave of Suptech Innovation,2021,"World Bank, Washington, DC eBooks",10.1596/35322,abstract,INCLUDE,background,,World Bank report on data-driven market-conduct supervision,Q13/Crossref;Q13/OpenAlex
C0083,doi:10.1109/cybersecurity49315.2020.9138872,Towards a Framework for Measuring the Performance of a Security Operations Center Analyst,2020,2020 International Conference on Cyber Security and Protection of Digital Services (Cyber Security),10.1109/cybersecurity49315.2020.9138872,abstract,INCLUDE,related work,,framework for measuring SOC analyst performance (precursor of agyepong2023analyst); not cited separately,Q01/Crossref;Q03/OpenAlex
C0084,doi:10.1145/3670009,Towards Human-AI Teaming to Mitigate Alert Fatigue in Security Operations Centres,2024,ACM Transactions on Internet Technology,10.1145/3670009,abstract,INCLUDE,related work,,human-AI teaming against alert fatigue,Q06/Crossref;Q06/OpenAlex
C0096,doi:10.1016/j.cose.2024.104070,A compliance assessment system for Incident Management process,2024,Computers &amp; Security,10.1016/j.cose.2024.104070,abstract,INCLUDE,directly comparable,,automated compliance assessment of incident-management processes against a reference model (trace alignment + cost model) for auditors,Q08/Crossref
C0112,doi:10.1007/978-3-319-66505-4_8,A Novel Metric for Measuring Operational Effectiveness of a Cybersecurity Operations Center,2017,Network Security Metrics,10.1007/978-3-319-66505-4_8,abstract,INCLUDE,related work,,"operational-effectiveness metric for a CSOC; abstract unavailable, recorded but not cited",Q03/Crossref
C0118,doi:10.5220/0014947000004018,A Process Mining Case Study in IT Incident Management,2026,Proceedings of the 28th International Conference on Enterprise Information Systems,10.5220/0014947000004018,abstract,INCLUDE,dataset/data source,,process mining case study on IT incident management (ITSM data context),Q08/Crossref
C0130,doi:10.1109/tifs.2018.2886465,A Two-Step Approach to Optimal Selection of Alerts for Investigation in a CSOC,2018,IEEE Transactions on Information Forensics and Security,10.1109/tifs.2018.2886465,abstract,INCLUDE,related work,,optimisation-based alert selection accounting for CSOC resources and metrics,Q05/OpenAlex
C0131,doi:10.14722/wosoc.2026.23012,A Usability Evaluation Method for SOC Tools Using a Simulated Operational Environment,2026,,10.14722/wosoc.2026.23012,abstract,INCLUDE,related work,,usability evaluation method for SOC tools in a simulated environment,Q19/OpenAlex
C0133,doi:10.1109/icmla.2013.102,Active Learning for Alert Triage,2013,,10.1109/icmla.2013.102,abstract,INCLUDE,related work,,active learning for alert triage,Q05/OpenAlex
C0135,doi:10.1016/j.ins.2026.124128,Adaptive alert prioritisation in security operations centres via learning to defer with human feedback,2027,Information Sciences,10.1016/j.ins.2026.124128,abstract,INCLUDE,related work,,learning to defer with human feedback (already cited: jalalvand2025l2d),Q06/Crossref
C0159,doi:10.1145/3695462,Alert Prioritisation in Security Operations Centres: A Systematic Survey on Criteria and Methods,2024,ACM Computing Surveys,10.1145/3695462,abstract,INCLUDE,related work,,systematic survey of SOC alert prioritisation (already cited: jalalvand2024prioritisation),Q06/OpenAlex
C0197,doi:10.1109/bigdatasecurity-hpsc-ids.2016.41,Automate Cybersecurity Data Triage by Leveraging Human Analysts' Cognitive Process,2016,,10.1109/bigdatasecurity-hpsc-ids.2016.41,abstract,INCLUDE,related work,,triage automata learned from analyst operation traces,Q07/OpenAlex
C0198,doi:10.1007/s10207-025-01040-0,Automated cybersecurity impact propagation across business processes using process mining techniques,2025,International Journal of Information Security,10.1007/s10207-025-01040-0,abstract,INCLUDE,related work,,process mining for cybersecurity business impact analysis,Q08/OpenAlex
C0201,doi:10.1109/pst47121.2019.8949029,Automated Threat-Alert Screening for Battling Alert Fatigue with Temporal Isolation Forest,2019,"2019 17th International Conference on Privacy, Security and Trust (PST)",10.1109/pst47121.2019.8949029,abstract,INCLUDE,related work,,temporal isolation forest for threat-alert screening,Q06/Crossref
C0204,doi:10.3390/computers13070165,Automation Bias and Complacency in Security Operation Centers,2024,Computers,10.3390/computers13070165,abstract,INCLUDE,related work,,scoping review of automation bias and complacency in SOCs,Q07/OpenAlex
C0233,doi:10.1080/23742917.2019.1698178,Challenges and performance metrics for security operations center analysts: a systematic review,2019,Journal of Cyber Security Technology,10.1080/23742917.2019.1698178,abstract,INCLUDE,related work,,systematic review of SOC analyst challenges and performance metrics,Q03/Crossref
C0249,doi:10.1016/j.is.2007.07.001,Conformance checking of processes based on monitoring real behavior,2007,Information Systems,10.1016/j.is.2007.07.001,abstract,INCLUDE,methodological foundation,,conformance checking of processes based on real behaviour (journal),Q10/OpenAlex
C0254,doi:10.1007/11678564_15,Conformance Testing: Measuring the Fit and Appropriateness of Event Logs and Process Models,2006,Lecture notes in computer science,10.1007/11678564_15,abstract,INCLUDE,methodological foundation,,"conformance testing (fitness, appropriateness); journal version cited instead",Q10/OpenAlex
C0266,doi:10.1016/j.cose.2021.102482,"CTI-SOC2M2 – The quest for mature, intelligence-driven security operations and incident response capabilities",2021,Computers & Security,10.1016/j.cose.2021.102482,abstract,INCLUDE,directly comparable,,capability maturity model for intelligence-driven SOC and incident response,Q02/OpenAlex
C0267,doi:10.14722/ndss.2020.24065,Custos: Practical Tamper-Evident Auditing of Operating Systems Using Trusted Execution,2020,,10.14722/ndss.2020.24065,abstract,INCLUDE,security infrastructure,,Custos tamper-evident OS auditing with trusted execution,Q15/OpenAlex
C0310,doi:10.1109/access.2022.3161636,DomainPrio: Prioritizing Domain Name Investigations to Improve SOC Efficiency,2022,IEEE Access,10.1109/access.2022.3161636,abstract,INCLUDE,directly comparable,,"population-level analysis of SOC investigations (DomainPrio), 24-week observational study",Q05/OpenAlex
C0313,t:efficient data structures for tamper evident logging,Efficient data structures for tamper-evident logging,2009,,,abstract,INCLUDE,security infrastructure,,tamper-evident logging data structures (already cited: crosby2009logging),Q15/OpenAlex
C0318,doi:10.53479/39320,Empowering financial supervision: a SupTech experiment using machine learning in an early warning system,2025,Documento ocasional/Documento ocasional - Banco de España,10.53479/39320,abstract,INCLUDE,background,,central-bank suptech ML early-warning experiment (text data),Q13/OpenAlex
C0383,doi:10.1002/sec.673,Incident prioritisation using analytic hierarchy process (AHP): Risk Index Model (RIM),2012,Security and Communication Networks,10.1002/sec.673,abstract,INCLUDE,related work,,AHP incident prioritisation risk index,Q08/Crossref
C0391,t:innovative technology in financial supervision suptech the experience of early users,Innovative technology in financial supervision (suptech): The experience of early users,2018,Research Publications (Maastricht University),,abstract,INCLUDE,background,,suptech early users (already cited: broeders2018suptech),Q13/OpenAlex
C0403,doi:10.1007/s10796-022-10266-5,Key Factors in Achieving Service Level Agreements (SLA) for Information Technology (IT) Incident Resolution,2022,Information Systems Frontiers,10.1007/s10796-022-10266-5,abstract,INCLUDE,dataset/data source,,SLA-attainment modelling on the same UCI incident event log used in X02b,Q20/Crossref
C0407,doi:10.1109/jsyst.2018.2828832,Learning From Experts’ Experience: Toward Automated Cyber Security Data Triage,2018,IEEE Systems Journal,10.1109/jsyst.2018.2828832,abstract,INCLUDE,related work,,learning triage from expert analysts' traces (journal),Q07/OpenAlex
C0432,doi:10.14722/wosoc.2025.23013,Mismatched SOCs: A Case Study of Cybersecurity Goal Incongruency Within An Academic SOC,2025,,10.14722/wosoc.2025.23013,abstract,INCLUDE,related work,,mixed-methods case study: SOC KPIs vs organisational goals,Q01/OpenAlex
C0449,doi:10.1109/tcc.2026.3681599,Optimized Post-Quantum Attribute-Based Logging for Real-Time and Tamper-Evident Cloud Forensics,2026,IEEE Transactions on Cloud Computing,10.1109/tcc.2026.3681599,abstract,INCLUDE,security infrastructure,,post-quantum attribute-based tamper-evident logging (journal),Q16/OpenAlex
C0516,doi:10.1109/cloud.2014.121,"Progger: An Efficient, Tamper-Evident Kernel-Space Logger for Cloud Data Provenance Tracking",2014,,10.1109/cloud.2014.121,abstract,INCLUDE,security infrastructure,,Progger tamper-evident provenance logger,Q15/OpenAlex
C0526,doi:10.1145/3564625.3567997,RAPID: Real-Time Alert Investigation with Context-aware Prioritization for Efficient Threat Discovery,2022,Proceedings of the 38th Annual Computer Security Applications Conference,10.1145/3564625.3567997,abstract,INCLUDE,related work,,RAPID context-aware alert investigation prioritisation,Q05/Crossref
C0536,doi:10.1002/widm.1045,Replaying history on process models for conformance checking and performance analysis,2012,Wiley Interdisciplinary Reviews Data Mining and Knowledge Discovery,10.1002/widm.1045,abstract,INCLUDE,methodological foundation,,replay-based conformance checking and performance analysis,Q10/OpenAlex
C0540,doi:10.1145/3719027.3765024,"Rethinking Tamper-Evident Logging: A High-Performance, Co-Designed Auditing System",2025,,10.1145/3719027.3765024,abstract,INCLUDE,security infrastructure,,Nitro high-performance tamper-evident audit logging,Q15/OpenAlex
C0543,doi:10.1145/3491266,SAIBERSOC : A Methodology and Tool for Experimenting with Security Operation Centers,2021,Digital Threats Research and Practice,10.1145/3491266,abstract,INCLUDE,directly comparable,,SAIBERSOC journal extension; the ACSAC version is cited,Q03/OpenAlex
C0544,doi:10.1145/3427228.3427233,SAIBERSOC: Synthetic Attack Injection to Benchmark and Evaluate the Performance of Security Operation Centers,2020,Annual Computer Security Applications Conference,10.1145/3427228.3427233,abstract,INCLUDE,directly comparable,,synthetic attack injection to evaluate operational SOC performance,Q03/OpenAlex
C0548,doi:10.1007/s10207-022-00643-1,SealFSv2: combining storage-based and ratcheting for tamper-evident logging,2022,International Journal of Information Security,10.1007/s10207-022-00643-1,abstract,INCLUDE,security infrastructure,,SealFSv2 local tamper-evident logging,Q15/OpenAlex
C0550,doi:10.1007/978-3-319-29485-8_11,Secure Audit Logs with Verifiable Excerpts,2016,Lecture notes in computer science,10.1007/978-3-319-29485-8_11,abstract,INCLUDE,security infrastructure,,secure audit logs with verifiable excerpts,Q16/OpenAlex
C0579,t:soc cmm designing and evaluating a tool for measurement of capability maturity in security operations centers,SOC-CMM: Designing and Evaluating a Tool for Measurement of Capability Maturity in Security Operations Centers,2016,Diva portal (Dalarna University Library),,abstract,INCLUDE,directly comparable,,SOC-CMM self-assessment maturity tool (already cited: vanos2016soccmm),Q02/OpenAlex
C0585,doi:10.2139/ssrn.5903962,State of SupTech Report 2025,2025,,10.2139/ssrn.5903962,abstract,INCLUDE,background,,State of SupTech Report 2025 (grey literature; authorities survey),Q13/Crossref
C0637,doi:10.1109/trustcom.2015.430,Trusted Tamper-Evident Data Provenance,2015,2015 IEEE Trustcom/BigDataSE/ISPA,10.1109/trustcom.2015.430,abstract,INCLUDE,security infrastructure,,trusted tamper-evident data provenance,Q15/OpenAlex
C0640,doi:10.1016/j.cose.2022.103069,"Understanding situation awareness in SOCs, a systematic literature review",2022,Computers & Security,10.1016/j.cose.2022.103069,abstract,INCLUDE,background,,systematic review of situation awareness in SOCs,Q01/OpenAlex
,bib:agyepong2023analyst,"E. Agyepong, Y. Cherdantseva, P. Reinecke, P. Burnap, A systematic method for measuring the performance of a cyber security operations centre analyst, Computers & Security 124 (2023) 102959, doi:10.10",2023,SOC performance measurement,10.1016/j.cose.2022.102959,phase12-focused-review,INCLUDE,directly comparable,,Phase 12 focused review source not retrieved by the structured searches; bib key agyepong2023analyst,
,bib:vielberth2020soc,"M. Vielberth, F. Böhm, I. Fichtinger, G. Pernul, Security Operations Center: A Systematic Study and Open Challenges, IEEE Access 8 (2020) 227756-227779, doi:10.1109/ACCESS.2020.3045514",2020,SOC,10.1109/ACCESS.2020.3045514,phase12-focused-review,INCLUDE,background,,Phase 12 focused review source not retrieved by the structured searches; bib key vielberth2020soc,
,bib:kokulu2019soc,"F. B. Kokulu et al., Matched and Mismatched SOCs: A Qualitative Study on Security Operations Center Issues, ACM CCS 2019, pp. 1955-1970, doi:10.1145/3319535.3354239",2019,SOC operations,10.1145/3319535.3354239,phase12-focused-review,INCLUDE,background,,Phase 12 focused review source not retrieved by the structured searches; bib key kokulu2019soc,
,bib:sundaramurthy2015burnout,"S. C. Sundaramurthy et al., A Human Capital Model for Mitigating Security Analyst Burnout, SOUPS 2015, pp. 347-359",2015,SOC human factors,,phase12-focused-review,INCLUDE,background,,Phase 12 focused review source not retrieved by the structured searches; bib key sundaramurthy2015burnout,
,bib:sundaramurthy2016contradictions,"S. C. Sundaramurthy et al., Turning Contradictions into Innovations or: How We Learned to Stop Whining and Improve Security Operations, SOUPS 2016",2016,SOC operations,,phase12-focused-review,INCLUDE,background,,Phase 12 focused review source not retrieved by the structured searches; bib key sundaramurthy2016contradictions,
,bib:alahmadi2022falsepositives,"B. A. Alahmadi, L. Axon, I. Martinovic, 99% False Positives: A Qualitative Study of SOC Analysts' Perspectives on Security Alarms, USENIX Security 2022, pp. 2783-2800",2022,alert quality,,phase12-focused-review,INCLUDE,related work,,Phase 12 focused review source not retrieved by the structured searches; bib key alahmadi2022falsepositives,
,bib:freitas2024guide,"S. Freitas, J. Kalajdjieski, A. Gharib, R. McCann, AI-Driven Guided Response for Security Operation Centers with Microsoft Copilot for Security, arXiv:2407.09017 (2024) [GUIDE dataset, CDLA-Permissive",2024,SOC triage,,phase12-focused-review,INCLUDE,dataset/data source,,Phase 12 focused review source not retrieved by the structured searches; bib key freitas2024guide,
,bib:freitas2026aip,"S. Freitas, A. Gharib, M. Magenheim, Adaptive Incident Prioritization for Security Operations at Scale, arXiv:2607.16963 (2026)",2026,incident prioritization,,phase12-focused-review,INCLUDE,related work,,Phase 12 focused review source not retrieved by the structured searches; bib key freitas2026aip,
,bib:vanderaalst2016pm,"W. M. P. van der Aalst, Process Mining: Data Science in Action, 2nd ed., Springer (2016), doi:10.1007/978-3-662-49851-4",2016,process mining,10.1007/978-3-662-49851-4,phase12-focused-review,INCLUDE,methodological foundation,,Phase 12 focused review source not retrieved by the structured searches; bib key vanderaalst2016pm,
,bib:carmona2018conformance,"J. Carmona, B. van Dongen, A. Solti, M. Weidlich, Conformance Checking: Relating Processes and Models, Springer (2018), doi:10.1007/978-3-319-99414-7",2018,process mining,10.1007/978-3-319-99414-7,phase12-focused-review,INCLUDE,methodological foundation,,Phase 12 focused review source not retrieved by the structured searches; bib key carmona2018conformance,
,bib:vanderaalst2005security,"W. M. P. van der Aalst, A. K. A. de Medeiros, Process Mining and Security: Detecting Anomalous Process Executions and Checking Process Conformance, ENTCS 121 (2005) 3-21, doi:10.1016/j.entcs.2004.10.0",2005,process mining for security,10.1016/j.entcs.2004.10.013,phase12-focused-review,INCLUDE,related work,,Phase 12 focused review source not retrieved by the structured searches; bib key vanderaalst2005security,
,bib:ferreira2008itil,"D. R. Ferreira, M. Mira da Silva, Using Process Mining for ITIL Assessment: A Case Study with Incident Management, UKAIS 2008",2008,IT incident management,,phase12-focused-review,INCLUDE,related work,,Phase 12 focused review source not retrieved by the structured searches; bib key ferreira2008itil,
,bib:weston2008pga,"D. J. Weston, D. J. Hand, N. M. Adams, C. Whitrow, P. Juszczak, Plastic card fraud detection using peer group analysis, Advances in Data Analysis and Classification 2(1) (2008) 45-62, doi:10.1007/s116",2008,fraud detection,10.1007/s11634-008-0021-8,phase12-focused-review,INCLUDE,methodological foundation,,Phase 12 focused review source not retrieved by the structured searches; bib key weston2008pga,
,bib:bolton2002fraud,"R. J. Bolton, D. J. Hand, Statistical Fraud Detection: A Review, Statistical Science 17(3) (2002) 235-255",2002,fraud detection,,phase12-focused-review,INCLUDE,background,,Phase 12 focused review source not retrieved by the structured searches; bib key bolton2002fraud,
,bib:leys2013mad,"C. Leys, C. Ley, O. Klein, P. Bernard, L. Licata, Detecting outliers: Do not use standard deviation around the mean, use absolute deviation around the median, Journal of Experimental Social Psychology",2013,robust statistics,10.1016/j.jesp.2013.03.013,phase12-focused-review,INCLUDE,methodological foundation,,Phase 12 focused review source not retrieved by the structured searches; bib key leys2013mad,
,bib:schneier1999logs,"B. Schneier, J. Kelsey, Secure audit logs to support computer forensics, ACM Transactions on Information and System Security 2(2) (1999), doi:10.1145/317087.317089",1999,secure logging,10.1145/317087.317089,phase12-focused-review,INCLUDE,security infrastructure,,Phase 12 focused review source not retrieved by the structured searches; bib key schneier1999logs,
,bib:nist2024fips204,"National Institute of Standards and Technology, FIPS 204: Module-Lattice-Based Digital Signature Standard (2024), doi:10.6028/NIST.FIPS.204",2024,post-quantum signatures,,phase12-focused-review,INCLUDE,security infrastructure,,Phase 12 focused review source not retrieved by the structured searches; bib key nist2024fips204,
,bib:nist2015fips202,"National Institute of Standards and Technology, FIPS 202: SHA-3 Standard: Permutation-Based Hash and Extendable-Output Functions (2015), doi:10.6028/NIST.FIPS.202",2015,hashing,,phase12-focused-review,INCLUDE,security infrastructure,,Phase 12 focused review source not retrieved by the structured searches; bib key nist2015fips202,
,bib:w3c2013provdm,"L. Moreau, P. Missier (eds.), PROV-DM: The PROV Data Model, W3C Recommendation, 30 April 2013",2013,provenance,,phase12-focused-review,INCLUDE,security infrastructure,,Phase 12 focused review source not retrieved by the structured searches; bib key w3c2013provdm,
,bib:parasuraman2010automation,"R. Parasuraman, D. H. Manzey, Complacency and Bias in Human Use of Automation: An Attentional Integration, Human Factors 52(3) (2010), doi:10.1177/0018720810376055",2010,human factors,10.1177/0018720810376055,phase12-focused-review,INCLUDE,background,,Phase 12 focused review source not retrieved by the structured searches; bib key parasuraman2010automation,
,bib:langgraph2026docs,"LangChain, LangGraph documentation: Persistence and durable execution (accessed 2026-09-27)",2026,workflow orchestration,,phase12-focused-review,INCLUDE,security infrastructure,,Phase 12 focused review source not retrieved by the structured searches; bib key langgraph2026docs,
,bib:jarvelin2002ndcg,"K. Järvelin, J. Kekäläinen, Cumulated gain-based evaluation of IR techniques, ACM Transactions on Information Systems 20(4) (2002) 422-446, doi:10.1145/582415.582418",2002,information retrieval evaluation,10.1145/582415.582418,phase12-focused-review,INCLUDE,methodological foundation,,Phase 12 focused review source not retrieved by the structured searches; bib key jarvelin2002ndcg,
,bib:efron1993bootstrap,"B. Efron, R. J. Tibshirani, An Introduction to the Bootstrap, Chapman & Hall (1993)",1993,statistics,,phase12-focused-review,INCLUDE,methodological foundation,,Phase 12 focused review source not retrieved by the structured searches; bib key efron1993bootstrap,
,bib:amaral2018uci498,"C. Amaral, M. Fantinato, S. Peres, Incident management process enriched event log, UCI Machine Learning Repository (2018), doi:10.24432/C57S4H, CC BY 4.0",2018,IT service management,10.24432/C57S4H,phase12-focused-review,INCLUDE,dataset/data source,,Phase 12 focused review source not retrieved by the structured searches; bib key amaral2018uci498,
,bib:sharafaldin2018cicids,"I. Sharafaldin, A. H. Lashkari, A. A. Ghorbani, Toward Generating a New Intrusion Detection Dataset and Intrusion Traffic Characterization, ICISSP 2018, pp. 108-116, doi:10.5220/0006639801080116",2018,intrusion detection,10.5220/0006639801080116,phase12-focused-review,INCLUDE,dataset/data source,,Phase 12 focused review source not retrieved by the structured searches; bib key sharafaldin2018cicids,
,doi:10.1145/3664476.3664504,BenchIMP: A Benchmark for Quantitative Evaluation of the Incident Management Process Assessment,2024,ARES 2024 (ACM),10.1145/3664476.3664504,snowball (same authors as palma2024compliance; web search 2026-09-27),INCLUDE,related work,,benchmark for process-based incident-management assessment models,
