key,title,year,venue,doi,origin,classification,note
bib:agyepong2023analyst,"E. Agyepong, Y. Cherdantseva, P. Reinecke, P. Burnap, A systematic method for measuring the performance of a cyber security operations centre analyst, Computers & Security 124 (2023) 102959, doi:10.10",2023,SOC performance measurement,10.1016/j.cose.2022.102959,phase12-focused-review,directly comparable,Phase 12 focused review source not retrieved by the structured searches; bib key agyepong2023analyst
bib:vielberth2020soc,"M. Vielberth, F. Böhm, I. Fichtinger, G. Pernul, Security Operations Center: A Systematic Study and Open Challenges, IEEE Access 8 (2020) 227756-227779, doi:10.1109/ACCESS.2020.3045514",2020,SOC,10.1109/ACCESS.2020.3045514,phase12-focused-review,background,Phase 12 focused review source not retrieved by the structured searches; bib key vielberth2020soc
bib:kokulu2019soc,"F. B. Kokulu et al., Matched and Mismatched SOCs: A Qualitative Study on Security Operations Center Issues, ACM CCS 2019, pp. 1955-1970, doi:10.1145/3319535.3354239",2019,SOC operations,10.1145/3319535.3354239,phase12-focused-review,background,Phase 12 focused review source not retrieved by the structured searches; bib key kokulu2019soc
bib:sundaramurthy2015burnout,"S. C. Sundaramurthy et al., A Human Capital Model for Mitigating Security Analyst Burnout, SOUPS 2015, pp. 347-359",2015,SOC human factors,,phase12-focused-review,background,Phase 12 focused review source not retrieved by the structured searches; bib key sundaramurthy2015burnout
bib:sundaramurthy2016contradictions,"S. C. Sundaramurthy et al., Turning Contradictions into Innovations or: How We Learned to Stop Whining and Improve Security Operations, SOUPS 2016",2016,SOC operations,,phase12-focused-review,background,Phase 12 focused review source not retrieved by the structured searches; bib key sundaramurthy2016contradictions
bib:alahmadi2022falsepositives,"B. A. Alahmadi, L. Axon, I. Martinovic, 99% False Positives: A Qualitative Study of SOC Analysts' Perspectives on Security Alarms, USENIX Security 2022, pp. 2783-2800",2022,alert quality,,phase12-focused-review,related work,Phase 12 focused review source not retrieved by the structured searches; bib key alahmadi2022falsepositives
bib:freitas2024guide,"S. Freitas, J. Kalajdjieski, A. Gharib, R. McCann, AI-Driven Guided Response for Security Operation Centers with Microsoft Copilot for Security, arXiv:2407.09017 (2024) [GUIDE dataset, CDLA-Permissive",2024,SOC triage,,phase12-focused-review,dataset/data source,Phase 12 focused review source not retrieved by the structured searches; bib key freitas2024guide
bib:freitas2026aip,"S. Freitas, A. Gharib, M. Magenheim, Adaptive Incident Prioritization for Security Operations at Scale, arXiv:2607.16963 (2026)",2026,incident prioritization,,phase12-focused-review,related work,Phase 12 focused review source not retrieved by the structured searches; bib key freitas2026aip
bib:vanderaalst2016pm,"W. M. P. van der Aalst, Process Mining: Data Science in Action, 2nd ed., Springer (2016), doi:10.1007/978-3-662-49851-4",2016,process mining,10.1007/978-3-662-49851-4,phase12-focused-review,methodological foundation,Phase 12 focused review source not retrieved by the structured searches; bib key vanderaalst2016pm
bib:carmona2018conformance,"J. Carmona, B. van Dongen, A. Solti, M. Weidlich, Conformance Checking: Relating Processes and Models, Springer (2018), doi:10.1007/978-3-319-99414-7",2018,process mining,10.1007/978-3-319-99414-7,phase12-focused-review,methodological foundation,Phase 12 focused review source not retrieved by the structured searches; bib key carmona2018conformance
bib:vanderaalst2005security,"W. M. P. van der Aalst, A. K. A. de Medeiros, Process Mining and Security: Detecting Anomalous Process Executions and Checking Process Conformance, ENTCS 121 (2005) 3-21, doi:10.1016/j.entcs.2004.10.0",2005,process mining for security,10.1016/j.entcs.2004.10.013,phase12-focused-review,related work,Phase 12 focused review source not retrieved by the structured searches; bib key vanderaalst2005security
bib:ferreira2008itil,"D. R. Ferreira, M. Mira da Silva, Using Process Mining for ITIL Assessment: A Case Study with Incident Management, UKAIS 2008",2008,IT incident management,,phase12-focused-review,related work,Phase 12 focused review source not retrieved by the structured searches; bib key ferreira2008itil
bib:weston2008pga,"D. J. Weston, D. J. Hand, N. M. Adams, C. Whitrow, P. Juszczak, Plastic card fraud detection using peer group analysis, Advances in Data Analysis and Classification 2(1) (2008) 45-62, doi:10.1007/s116",2008,fraud detection,10.1007/s11634-008-0021-8,phase12-focused-review,methodological foundation,Phase 12 focused review source not retrieved by the structured searches; bib key weston2008pga
bib:bolton2002fraud,"R. J. Bolton, D. J. Hand, Statistical Fraud Detection: A Review, Statistical Science 17(3) (2002) 235-255",2002,fraud detection,,phase12-focused-review,background,Phase 12 focused review source not retrieved by the structured searches; bib key bolton2002fraud
bib:leys2013mad,"C. Leys, C. Ley, O. Klein, P. Bernard, L. Licata, Detecting outliers: Do not use standard deviation around the mean, use absolute deviation around the median, Journal of Experimental Social Psychology",2013,robust statistics,10.1016/j.jesp.2013.03.013,phase12-focused-review,methodological foundation,Phase 12 focused review source not retrieved by the structured searches; bib key leys2013mad
bib:schneier1999logs,"B. Schneier, J. Kelsey, Secure audit logs to support computer forensics, ACM Transactions on Information and System Security 2(2) (1999), doi:10.1145/317087.317089",1999,secure logging,10.1145/317087.317089,phase12-focused-review,security infrastructure,Phase 12 focused review source not retrieved by the structured searches; bib key schneier1999logs
bib:nist2024fips204,"National Institute of Standards and Technology, FIPS 204: Module-Lattice-Based Digital Signature Standard (2024), doi:10.6028/NIST.FIPS.204",2024,post-quantum signatures,,phase12-focused-review,security infrastructure,Phase 12 focused review source not retrieved by the structured searches; bib key nist2024fips204
bib:nist2015fips202,"National Institute of Standards and Technology, FIPS 202: SHA-3 Standard: Permutation-Based Hash and Extendable-Output Functions (2015), doi:10.6028/NIST.FIPS.202",2015,hashing,,phase12-focused-review,security infrastructure,Phase 12 focused review source not retrieved by the structured searches; bib key nist2015fips202
bib:w3c2013provdm,"L. Moreau, P. Missier (eds.), PROV-DM: The PROV Data Model, W3C Recommendation, 30 April 2013",2013,provenance,,phase12-focused-review,security infrastructure,Phase 12 focused review source not retrieved by the structured searches; bib key w3c2013provdm
bib:parasuraman2010automation,"R. Parasuraman, D. H. Manzey, Complacency and Bias in Human Use of Automation: An Attentional Integration, Human Factors 52(3) (2010), doi:10.1177/0018720810376055",2010,human factors,10.1177/0018720810376055,phase12-focused-review,background,Phase 12 focused review source not retrieved by the structured searches; bib key parasuraman2010automation
bib:langgraph2026docs,"LangChain, LangGraph documentation: Persistence and durable execution (accessed 2026-09-27)",2026,workflow orchestration,,phase12-focused-review,security infrastructure,Phase 12 focused review source not retrieved by the structured searches; bib key langgraph2026docs
bib:jarvelin2002ndcg,"K. Järvelin, J. Kekäläinen, Cumulated gain-based evaluation of IR techniques, ACM Transactions on Information Systems 20(4) (2002) 422-446, doi:10.1145/582415.582418",2002,information retrieval evaluation,10.1145/582415.582418,phase12-focused-review,methodological foundation,Phase 12 focused review source not retrieved by the structured searches; bib key jarvelin2002ndcg
bib:efron1993bootstrap,"B. Efron, R. J. Tibshirani, An Introduction to the Bootstrap, Chapman & Hall (1993)",1993,statistics,,phase12-focused-review,methodological foundation,Phase 12 focused review source not retrieved by the structured searches; bib key efron1993bootstrap
bib:amaral2018uci498,"C. Amaral, M. Fantinato, S. Peres, Incident management process enriched event log, UCI Machine Learning Repository (2018), doi:10.24432/C57S4H, CC BY 4.0",2018,IT service management,10.24432/C57S4H,phase12-focused-review,dataset/data source,Phase 12 focused review source not retrieved by the structured searches; bib key amaral2018uci498
bib:sharafaldin2018cicids,"I. Sharafaldin, A. H. Lashkari, A. A. Ghorbani, Toward Generating a New Intrusion Detection Dataset and Intrusion Traffic Characterization, ICISSP 2018, pp. 108-116, doi:10.5220/0006639801080116",2018,intrusion detection,10.5220/0006639801080116,phase12-focused-review,dataset/data source,Phase 12 focused review source not retrieved by the structured searches; bib key sharafaldin2018cicids
doi:10.1145/3664476.3664504,BenchIMP: A Benchmark for Quantitative Evaluation of the Incident Management Process Assessment,2024,ARES 2024 (ACM),10.1145/3664476.3664504,snowball (same authors as palma2024compliance; web search 2026-09-27),related work,benchmark for process-based incident-management assessment models
