bib_key,citation_short,classification,problem,data,method,evaluation,main_result,relevance,difference_from_satsa,evidence_basis
vanos2016soccmm,"van Os, MSc thesis 2016",directly comparable,Measuring SOC capability maturity,SOC characteristics; validation with SOCs,Design-research maturity model and self-assessment tool,Validation with SOCs (thesis),Maturity scoring across business/people/process/technology/services domains,Closest SOC assessment instrument,Self-assessed maturity; SAT-SA computes findings from submitted operational records,Phase 12 review (full text)
schlette2021ctisoc2m2,"Schlette, Vielberth, Pernul, Computers & Security 111 (2021)",directly comparable,Maturity of intelligence-driven security operations and incident response,Existing SOC / incident-response / CTI maturity models,Capability maturity model using degree of CTI integration as a proxy for SOC service maturity,Not determinable from the sources consulted,CTI-SOC2M2 maturity model,Supervisory-style assessment of SOC capability,Capability maturity (self or expert assessment) rather than record-level analysis of submitted work,Abstract text from the university repository record and publisher index
agyepong2023analyst,"Agyepong et al., Computers & Security 124 (2023)",directly comparable,Measuring SOC analyst performance,Expert panel,Delphi + analytic hierarchy process weighting of indicators,Evaluation of the measurement method,Weighted analyst-performance measurement method,Quantifies SOC work quality,Analyst-level managerial metric; SAT-SA is supervisor-side and entity-level,Phase 12 review (publisher record)
forsberg2023metrics,"Forsberg & Frantti, Computers & Security (2023)",directly comparable,Technical SOC performance metrics,Metric landscape,Design science research producing a metric-creation framework,Validated by generating four metrics,Metric-creation framework demonstrated by four technical SOC performance metrics; also surveys existing SOC metrics,Metric catalogue for SOC operation,Metric framework vs computed findings with record citations,Abstract (OpenAlex)
rosso2020saibersoc,"Rosso et al., ACSAC 2020 (extended in DTRAP 2021)",directly comparable,Evaluating the performance of deployed/operational SOCs,Real SOC infrastructure; n = 124 students acting as analysts,MITRE ATT&CK-based synthetic attack injection; any output metric (e.g. detection accuracy; time-to-investigation),Controlled experiment with BADSOC vs GOODSOC conditions,Methodology identified performance variation caused by minimal SOC configuration changes; tool released open source,Closest prior empirical evaluation of SOC performance,"Evaluates a SOC by injecting attacks and observing outputs; SAT-SA analyses records the SOC submits, without injection, and adds entity ranking and decision binding",Abstract (OpenAlex; ACM)
chiba2022domainprio,"Chiba et al., IEEE Access 10 (2022)",directly comparable,SOC efficiency: repeated incomplete investigations,24-week observational study; 100 days of production data,Population-level analysis of investigations; interpretable logistic regression (DomainPrio),Production-data evaluation,19% of domains triggered 74% of investigations; 89% prediction accuracy; up to 35% potential reduction in investigations,Uses the population of SOC work records (not single alerts) as analytical unit,"Analyst-facing efficiency tool inside one SOC; SAT-SA is supervisor-facing across monitored organisations and emits evidence-cited findings",Abstract (OpenAlex)
palma2024compliance,"Palma et al., Computers & Security 146 (2024)",directly comparable,Assessing compliance of an organisation's incident-management process with frameworks (ITIL; ISO 27035),Reference process model; publicly available real incident-management log (usage scenario),Taxonomy of compliance deviations; trace alignment with a cost model over deviations to prioritise interventions,Benchmark validation of the model; usage scenario on a public real IM log; open-source code,System automatically assesses IM process compliance and supports an auditor,Closest prior work: automated record-based assessment of incident-management process for an auditor,"Model-based conformance on process traces vs SAT-SA's rule-encoded checks over SOC evidence categories (alerts, cases, steps, escalations, assets), cross-entity peer comparison, entity risk ranking, and cryptographic binding of the supervisor's decision; which public log was used could not be verified (full text HTTP 403)",Abstract (OpenAlex; Crossref); full text not accessible
palma2024benchimp,"Palma, Bartoloni, Angelini, ARES 2024",related work,Comparative quantitative evaluation of incident-management-process assessment models,Real IMP data (two case studies),Benchmark system for performance and robustness of IMP assessment models,Two case studies with state-of-the-art assessment models,Public benchmark for process-based security assessment models,Evaluation methodology for the same problem class as palma2024compliance,Benchmark for assessment models; SAT-SA was not evaluated on it (not examined in Phase 13),Abstract (OpenAlex)
swain2022sla,"Swain & Garza, Information Systems Frontiers 25 (2023)",dataset/data source,Factors in meeting SLAs for IT incident resolution,UCI incident event log from a ServiceNow instance (141712 records; 24918 incidents; target made_sla),Twelve predictive models (logistic regression; neural networks; etc.),Misclassification rate and average squared error,Logistic regression and neural networks performed best; key SLA factors identified,Same external dataset as X02b with SLA as the modelled outcome,"Predicts SLA attainment directly; SAT-SA does not model SLA and was evaluated against it only as an external construct check",Full text (PMC8942060)
galadima2026irgraph,"Galadima, Doherty, Brennan, LNCS (ARES 2026 workshops)",related work,Analysing incident-response processes across heterogeneous tools,IR tool logs and responder communications,Knowledge graph with the CIRPO ontology (extends CSIHO),Not determinable from abstract,Unified graph supporting investigation analysis and process mining of IR workflows,Record-level analysis of IR workflow evidence,"Descriptive knowledge representation within an IR team; SAT-SA derives supervisory findings, risk and a bound decision",Abstract (OpenAlex)
shah2019alertselection,"Shah et al., IEEE TIFS 14(7) (2019)",related work,Optimal selection of alerts for investigation given CSOC resources,Alerts; organisation-specific factors (mission; asset criticality; analyst availability),Two-step optimisation-based alert selection,Not determinable from abstract excerpt,Replaces ad-hoc triage with resource-aware selection,Prioritisation under analyst capacity,Alert-level for analysts; SAT-SA ranks monitored organisations for a supervisor,Abstract (OpenAlex)
morin2025mismatched,"Morin & Gwavava, WOSOC 2025",related work,Whether SOC KPIs reflect organisational goals,One academic SOC: surveys; interviews; analyst KPI measurements,Mixed-methods case study,Case study,Analysts who score well on KPIs do not necessarily further SOC goals; incentives to deviate,Caution against treating operational metrics as quality,Single-SOC internal KPI study; relevant to SAT-SA's construct-validity limitation,Abstract (OpenAlex)
tilbury2024automationbias,"Tilbury & Flowerday, Computers 13(7) (2024)",related work,Automation bias and complacency in SOCs,599 articles screened; 48 reviewed,Scoping review with thematic analysis,Two-researcher quality control,SOC Automation Implementation Guidelines (SAIG),Human-in-the-loop risk for decision support,Review; SAT-SA keeps the decision with the supervisor but did not study automation bias,Abstract (OpenAlex)
fugkeaw2026pqabl,"Fugkeaw et al., IEEE TCC 14(2) (2026)",security infrastructure,Quantum-resilient forensic audit logging in the cloud,Cloud logging workloads,Lattice-based CP-ABE access control; AES-GCM payloads; per-epoch Merkle root anchored on a blockchain,Not determinable from abstract excerpt,PQ-ABL framework with continuous integrity assurance,Post-quantum tamper-evident logging,"Protects log records; SAT-SA signs a canonical supervisory decision document with ML-DSA-65 and a hash-chained ledger, without access control or blockchain anchoring",Abstract (OpenAlex)
