file,source_line,claim_id,value,experiment,source
figures/fig-architecture.tex,7,CODE-workers,16,code,"{'fact': 'default_worker_count', 'kind': 'code'}"
figures/fig-architecture.tex,8,CODE-dimensions,7,code,"{'fact': 'risk_dimension_count', 'kind': 'code'}"
figures/fig-architecture.tex,12,CODE-signature,ML-DSA-65,code,"{'fact': 'trust_signature_algorithm', 'kind': 'code'}"
sections/00-abstract.tex,8,CODE-workers,16,code,"{'fact': 'default_worker_count', 'kind': 'code'}"
sections/00-abstract.tex,12,R01b-expect,245,R01b,"{'bundle': 'EXP-R01b-evidence-robustness', 'kind': 'path', 'manifest_sha256': '8a43c01d982b91a5e05ac5044e50c2164395aa8ca5360ed88c19543afb946709', 'path': ['metr"
sections/00-abstract.tex,13,T01-detected,13,T01,"{'bundle': 'EXP-T01-trust-mutation-matrix', 'kind': 'path', 'manifest_sha256': 'f20a5c59cb4604919174e28d46ad52e060b67820953e7baccf4d86c1f722e0fc', 'path': ['mut"
sections/00-abstract.tex,14,O02-runs,36,O02,"{'args': {'path': ['metrics', 'trials']}, 'bundle': 'EXP-O02-orchestration-recovery', 'derivation': 'len_path', 'kind': 'derived', 'manifest_sha256': 'ddd3bef48"
sections/00-abstract.tex,19,X02b-rho-risk,\ensuremath{-}0.11,X02b,"{'bundle': 'EXP-X02b-external-itsm', 'kind': 'path', 'manifest_sha256': '036652ed89089874a31689354c0ddac26e4140e0f4e7b774f4341408a4d9b9d0', 'path': ['metrics', "
sections/00-abstract.tex,20,X02b-rho-slowest,0.94,X02b,"{'bundle': 'EXP-X02b-external-itsm', 'kind': 'path', 'manifest_sha256': '036652ed89089874a31689354c0ddac26e4140e0f4e7b774f4341408a4d9b9d0', 'path': ['metrics', "
sections/02-related-work.tex,35,X02b-incidents-total,"24,918",X02b,"{'bundle': 'EXP-X02b-external-itsm', 'kind': 'path', 'manifest_sha256': '036652ed89089874a31689354c0ddac26e4140e0f4e7b774f4341408a4d9b9d0', 'path': ['metrics', "
sections/03-problem-formulation.tex,15,CODE-workers,16,code,"{'fact': 'default_worker_count', 'kind': 'code'}"
sections/03-problem-formulation.tex,54,CODE-dimensions,7,code,"{'fact': 'risk_dimension_count', 'kind': 'code'}"
sections/03-problem-formulation.tex,55,RISK-w-execution-gap,25,code,"{'fact': 'risk_weight:execution_gap', 'kind': 'code'}"
sections/03-problem-formulation.tex,55,RISK-w-peer-deviation,20,code,"{'fact': 'risk_weight:peer_deviation', 'kind': 'code'}"
sections/03-problem-formulation.tex,56,RISK-w-detection-gap,15,code,"{'fact': 'risk_weight:detection_gap', 'kind': 'code'}"
sections/03-problem-formulation.tex,56,RISK-w-negative-space,15,code,"{'fact': 'risk_weight:negative_space', 'kind': 'code'}"
sections/03-problem-formulation.tex,57,RISK-w-anomaly,15,code,"{'fact': 'risk_weight:anomaly', 'kind': 'code'}"
sections/03-problem-formulation.tex,57,RISK-w-investigation-quality,5,code,"{'fact': 'risk_weight:investigation_quality', 'kind': 'code'}"
sections/03-problem-formulation.tex,58,RISK-w-escalation-discipline,5,code,"{'fact': 'risk_weight:escalation_discipline', 'kind': 'code'}"
sections/04-system.tex,20,CODE-workers,16,code,"{'fact': 'default_worker_count', 'kind': 'code'}"
sections/04-system.tex,32,CODE-workers,16,code,"{'fact': 'default_worker_count', 'kind': 'code'}"
sections/04-system.tex,37,CODE-registry,32,code,"{'fact': 'registry_component_count', 'kind': 'code'}"
sections/04-system.tex,56,CODE-graph-nodes,5,code,"{'fact': 'graph_node_count', 'kind': 'code'}"
sections/04-system.tex,65,CODE-signature,ML-DSA-65,code,"{'fact': 'trust_signature_algorithm', 'kind': 'code'}"
sections/05-experimental-methodology.tex,17,C01-action-total,5,C01,"{'bundle': 'controlled-final-seed-17', 'kind': 'path', 'manifest_sha256': '0ad518882d319dd9136b57462f216024f780d89af686c8248864ed58b2449637', 'path': ['metrics'"
sections/05-experimental-methodology.tex,17,C01-catalog-size,10,C01,"{'bundle': 'controlled-final-seed-17', 'kind': 'path', 'manifest_sha256': '0ad518882d319dd9136b57462f216024f780d89af686c8248864ed58b2449637', 'path': ['metrics'"
sections/05-experimental-methodology.tex,22,PR01-replicates,20,PR01,"{'bundle': 'EXP-PR01-prioritization-replicated', 'kind': 'path', 'manifest_sha256': '2d83cefce4326afc7549b9386567fd803ebf6dcde97d03b189ae13d7d9222c75', 'path': "
sections/05-experimental-methodology.tex,22,PR01-entities,20,PR01,"{'bundle': 'EXP-PR01-prioritization-replicated', 'kind': 'path', 'manifest_sha256': '2d83cefce4326afc7549b9386567fd803ebf6dcde97d03b189ae13d7d9222c75', 'path': "
sections/05-experimental-methodology.tex,23,PR01-pathological,5,PR01,"{'bundle': 'EXP-PR01-prioritization-replicated', 'kind': 'path', 'manifest_sha256': '2d83cefce4326afc7549b9386567fd803ebf6dcde97d03b189ae13d7d9222c75', 'path': "
sections/05-experimental-methodology.tex,24,P01-cells,96,P01,"{'bundle': 'EXP-P01-peer-sweep', 'kind': 'path', 'manifest_sha256': '7aa85508062b2b28519f157a64dcf2692b43dcf50b9264bf308888bcbefe5e54', 'path': ['metrics', 'des"
sections/06-results.tex,5,C01-action-total,5,C01,"{'bundle': 'controlled-final-seed-17', 'kind': 'path', 'manifest_sha256': '0ad518882d319dd9136b57462f216024f780d89af686c8248864ed58b2449637', 'path': ['metrics'"
sections/06-results.tex,6,C01-tp,5,C01,"{'bundle': 'controlled-final-seed-17', 'kind': 'path', 'manifest_sha256': '0ad518882d319dd9136b57462f216024f780d89af686c8248864ed58b2449637', 'path': ['metrics'"
sections/06-results.tex,7,C01-fn,0,C01,"{'bundle': 'controlled-final-seed-17', 'kind': 'path', 'manifest_sha256': '0ad518882d319dd9136b57462f216024f780d89af686c8248864ed58b2449637', 'path': ['metrics'"
sections/06-results.tex,7,C01-fp,7,C01,"{'bundle': 'controlled-final-seed-17', 'kind': 'path', 'manifest_sha256': '0ad518882d319dd9136b57462f216024f780d89af686c8248864ed58b2449637', 'path': ['metrics'"
sections/06-results.tex,8,C01-precision,0.417,C01,"{'bundle': 'controlled-final-seed-17', 'kind': 'path', 'manifest_sha256': '0ad518882d319dd9136b57462f216024f780d89af686c8248864ed58b2449637', 'path': ['metrics'"
sections/06-results.tex,8,C01-recall,1.000,C01,"{'bundle': 'controlled-final-seed-17', 'kind': 'path', 'manifest_sha256': '0ad518882d319dd9136b57462f216024f780d89af686c8248864ed58b2449637', 'path': ['metrics'"
sections/06-results.tex,8,C01-f1,0.588,C01,"{'bundle': 'controlled-final-seed-17', 'kind': 'path', 'manifest_sha256': '0ad518882d319dd9136b57462f216024f780d89af686c8248864ed58b2449637', 'path': ['metrics'"
sections/06-results.tex,9,C01-action-ok,4,C01,"{'bundle': 'controlled-final-seed-17', 'kind': 'path', 'manifest_sha256': '0ad518882d319dd9136b57462f216024f780d89af686c8248864ed58b2449637', 'path': ['metrics'"
sections/06-results.tex,9,C01-action-total,5,C01,"{'bundle': 'controlled-final-seed-17', 'kind': 'path', 'manifest_sha256': '0ad518882d319dd9136b57462f216024f780d89af686c8248864ed58b2449637', 'path': ['metrics'"
sections/06-results.tex,11,A01-full-precision,0.556,A01,"{'bundle': 'EXP-A01-component-ablation', 'kind': 'path', 'manifest_sha256': '03632678da62b27940702b8ec11cfbee726d62f199762f7093e0b5d93a445ff4', 'path': ['metric"
sections/06-results.tex,14,C01-closure-n,12,C01,"{'bundle': 'controlled-final-seed-17', 'kind': 'path', 'manifest_sha256': '0ad518882d319dd9136b57462f216024f780d89af686c8248864ed58b2449637', 'path': ['metrics'"
sections/06-results.tex,14,C01-closure-pos,3,C01,"{'bundle': 'controlled-final-seed-17', 'kind': 'path', 'manifest_sha256': '0ad518882d319dd9136b57462f216024f780d89af686c8248864ed58b2449637', 'path': ['metrics'"
sections/06-results.tex,16,C01-closure-f1-satsa,1.00,C01,"{'bundle': 'controlled-final-seed-17', 'kind': 'path', 'manifest_sha256': '0ad518882d319dd9136b57462f216024f780d89af686c8248864ed58b2449637', 'path': ['metrics'"
sections/06-results.tex,17,C01-closure-recall-zscore,0.0,C01,"{'bundle': 'controlled-final-seed-17', 'kind': 'path', 'manifest_sha256': '0ad518882d319dd9136b57462f216024f780d89af686c8248864ed58b2449637', 'path': ['metrics'"
sections/06-results.tex,17,C01-closure-f1-random,0.33,C01,"{'bundle': 'controlled-final-seed-17', 'kind': 'path', 'manifest_sha256': '0ad518882d319dd9136b57462f216024f780d89af686c8248864ed58b2449637', 'path': ['metrics'"
sections/06-results.tex,22,PR01-replicates,20,PR01,"{'bundle': 'EXP-PR01-prioritization-replicated', 'kind': 'path', 'manifest_sha256': '2d83cefce4326afc7549b9386567fd803ebf6dcde97d03b189ae13d7d9222c75', 'path': "
sections/06-results.tex,23,PR01-satsa-recall20,0.800,PR01,"{'bundle': 'EXP-PR01-prioritization-replicated', 'kind': 'path', 'manifest_sha256': '2d83cefce4326afc7549b9386567fd803ebf6dcde97d03b189ae13d7d9222c75', 'path': "
sections/06-results.tex,24,PR01-satsa-volume,7.0,PR01,"{'bundle': 'EXP-PR01-prioritization-replicated', 'kind': 'path', 'manifest_sha256': '2d83cefce4326afc7549b9386567fd803ebf6dcde97d03b189ae13d7d9222c75', 'path': "
sections/06-results.tex,26,PR01-vs-random-higher,20,PR01,"{'args': {'baseline': 'random', 'k': 20, 'metric': 'recall', 'outcome': 'higher'}, 'bundle': 'EXP-PR01-prioritization-replicated', 'derivation': 'pr01_compare',"
sections/06-results.tex,27,PR01-vs-random-diff,0.59,PR01,"{'bundle': 'EXP-PR01-prioritization-replicated', 'kind': 'path', 'manifest_sha256': '2d83cefce4326afc7549b9386567fd803ebf6dcde97d03b189ae13d7d9222c75', 'path': "
sections/06-results.tex,27,PR01-vs-random-lo,0.41,PR01,"{'bundle': 'EXP-PR01-prioritization-replicated', 'kind': 'path', 'manifest_sha256': '2d83cefce4326afc7549b9386567fd803ebf6dcde97d03b189ae13d7d9222c75', 'path': "
sections/06-results.tex,28,PR01-vs-random-hi,0.60,PR01,"{'bundle': 'EXP-PR01-prioritization-replicated', 'kind': 'path', 'manifest_sha256': '2d83cefce4326afc7549b9386567fd803ebf6dcde97d03b189ae13d7d9222c75', 'path': "
sections/06-results.tex,28,PR01-vs-volume-higher,20,PR01,"{'args': {'baseline': 'critical_alert_volume', 'k': 20, 'metric': 'recall', 'outcome': 'higher'}, 'bundle': 'EXP-PR01-prioritization-replicated', 'derivation': "
sections/06-results.tex,29,PR01-vs-volume-diff,0.40,PR01,"{'bundle': 'EXP-PR01-prioritization-replicated', 'kind': 'path', 'manifest_sha256': '2d83cefce4326afc7549b9386567fd803ebf6dcde97d03b189ae13d7d9222c75', 'path': "
sections/06-results.tex,29,PR01-vs-volume-lo,0.30,PR01,"{'bundle': 'EXP-PR01-prioritization-replicated', 'kind': 'path', 'manifest_sha256': '2d83cefce4326afc7549b9386567fd803ebf6dcde97d03b189ae13d7d9222c75', 'path': "
sections/06-results.tex,29,PR01-vs-volume-hi,0.60,PR01,"{'bundle': 'EXP-PR01-prioritization-replicated', 'kind': 'path', 'manifest_sha256': '2d83cefce4326afc7549b9386567fd803ebf6dcde97d03b189ae13d7d9222c75', 'path': "
sections/06-results.tex,31,PR01-vs-closure-higher,8,PR01,"{'args': {'baseline': 'fastest_median_closure', 'k': 20, 'metric': 'recall', 'outcome': 'higher'}, 'bundle': 'EXP-PR01-prioritization-replicated', 'derivation':"
sections/06-results.tex,31,PR01-vs-closure-equal,11,PR01,"{'args': {'baseline': 'fastest_median_closure', 'k': 20, 'metric': 'recall', 'outcome': 'equal'}, 'bundle': 'EXP-PR01-prioritization-replicated', 'derivation': "
sections/06-results.tex,32,PR01-vs-closure-lower,1,PR01,"{'args': {'baseline': 'fastest_median_closure', 'k': 20, 'metric': 'recall', 'outcome': 'lower'}, 'bundle': 'EXP-PR01-prioritization-replicated', 'derivation': "
sections/06-results.tex,32,PR01-vs-closure-diff,0.00,PR01,"{'bundle': 'EXP-PR01-prioritization-replicated', 'kind': 'path', 'manifest_sha256': '2d83cefce4326afc7549b9386567fd803ebf6dcde97d03b189ae13d7d9222c75', 'path': "
sections/06-results.tex,33,PR01-vs-closure-lo,0.00,PR01,"{'bundle': 'EXP-PR01-prioritization-replicated', 'kind': 'path', 'manifest_sha256': '2d83cefce4326afc7549b9386567fd803ebf6dcde97d03b189ae13d7d9222c75', 'path': "
sections/06-results.tex,33,PR01-vs-closure-hi,0.20,PR01,"{'bundle': 'EXP-PR01-prioritization-replicated', 'kind': 'path', 'manifest_sha256': '2d83cefce4326afc7549b9386567fd803ebf6dcde97d03b189ae13d7d9222c75', 'path': "
sections/06-results.tex,34,PR01-vol-fewer-closure,12,PR01,"{'args': {'baseline': 'fastest_median_closure', 'outcome': 'fewer'}, 'bundle': 'EXP-PR01-prioritization-replicated', 'derivation': 'pr01_volume_compare', 'kind'"
sections/06-results.tex,34,PR01-vol-more-closure,6,PR01,"{'args': {'baseline': 'fastest_median_closure', 'outcome': 'more'}, 'bundle': 'EXP-PR01-prioritization-replicated', 'derivation': 'pr01_volume_compare', 'kind':"
sections/06-results.tex,45,PR01-replicates,20,PR01,"{'bundle': 'EXP-PR01-prioritization-replicated', 'kind': 'path', 'manifest_sha256': '2d83cefce4326afc7549b9386567fd803ebf6dcde97d03b189ae13d7d9222c75', 'path': "
sections/06-results.tex,50,A01-workers,16,A01,"{'args': {'path': ['metrics', 'design', 'workers']}, 'bundle': 'EXP-A01-component-ablation', 'derivation': 'len_path', 'kind': 'derived', 'manifest_sha256': '03"
sections/06-results.tex,51,A01-fast-closure-recall,0.600,A01,"{'bundle': 'EXP-A01-component-ablation', 'kind': 'path', 'manifest_sha256': '03632678da62b27940702b8ec11cfbee726d62f199762f7093e0b5d93a445ff4', 'path': ['metric"
sections/06-results.tex,52,A01-negative-space-recall,0.600,A01,"{'bundle': 'EXP-A01-component-ablation', 'kind': 'path', 'manifest_sha256': '03632678da62b27940702b8ec11cfbee726d62f199762f7093e0b5d93a445ff4', 'path': ['metric"
sections/06-results.tex,52,A01-full-recall,1.000,A01,"{'bundle': 'EXP-A01-component-ablation', 'kind': 'path', 'manifest_sha256': '03632678da62b27940702b8ec11cfbee726d62f199762f7093e0b5d93a445ff4', 'path': ['metric"
sections/06-results.tex,55,A01-pop-full,0.760,A01,"{'bundle': 'EXP-A01-component-ablation', 'kind': 'path', 'manifest_sha256': '03632678da62b27940702b8ec11cfbee726d62f199762f7093e0b5d93a445ff4', 'path': ['metric"
sections/06-results.tex,56,A01-pop-anomaly,0.800,A01,"{'bundle': 'EXP-A01-component-ablation', 'kind': 'path', 'manifest_sha256': '03632678da62b27940702b8ec11cfbee726d62f199762f7093e0b5d93a445ff4', 'path': ['metric"
sections/06-results.tex,65,R01b-match,245,R01b,"{'bundle': 'EXP-R01b-evidence-robustness', 'kind': 'path', 'manifest_sha256': '8a43c01d982b91a5e05ac5044e50c2164395aa8ca5360ed88c19543afb946709', 'path': ['metr"
sections/06-results.tex,65,R01b-expect,245,R01b,"{'bundle': 'EXP-R01b-evidence-robustness', 'kind': 'path', 'manifest_sha256': '8a43c01d982b91a5e05ac5044e50c2164395aa8ca5360ed88c19543afb946709', 'path': ['metr"
sections/06-results.tex,70,R01b-ind10-rejected,3,R01b,"{'bundle': 'EXP-R01b-evidence-robustness', 'kind': 'path', 'manifest_sha256': '8a43c01d982b91a5e05ac5044e50c2164395aa8ca5360ed88c19543afb946709', 'path': ['metr"
sections/06-results.tex,70,R01b-ind25-rejected,11,R01b,"{'bundle': 'EXP-R01b-evidence-robustness', 'kind': 'path', 'manifest_sha256': '8a43c01d982b91a5e05ac5044e50c2164395aa8ca5360ed88c19543afb946709', 'path': ['metr"
sections/06-results.tex,71,R01b-ind50-rejected,14,R01b,"{'bundle': 'EXP-R01b-evidence-robustness', 'kind': 'path', 'manifest_sha256': '8a43c01d982b91a5e05ac5044e50c2164395aa8ca5360ed88c19543afb946709', 'path': ['metr"
sections/06-results.tex,73,R01b-cas10-changed,1,R01b,"{'bundle': 'EXP-R01b-evidence-robustness', 'kind': 'path', 'manifest_sha256': '8a43c01d982b91a5e05ac5044e50c2164395aa8ca5360ed88c19543afb946709', 'path': ['metr"
sections/06-results.tex,73,R01b-cas25-changed,11,R01b,"{'bundle': 'EXP-R01b-evidence-robustness', 'kind': 'path', 'manifest_sha256': '8a43c01d982b91a5e05ac5044e50c2164395aa8ca5360ed88c19543afb946709', 'path': ['metr"
sections/06-results.tex,73,R01b-cas50-changed,15,R01b,"{'bundle': 'EXP-R01b-evidence-robustness', 'kind': 'path', 'manifest_sha256': '8a43c01d982b91a5e05ac5044e50c2164395aa8ca5360ed88c19543afb946709', 'path': ['metr"
sections/06-results.tex,75,R01b-staleness-n,15,R01b,"{'bundle': 'EXP-R01b-evidence-robustness', 'kind': 'path', 'manifest_sha256': '8a43c01d982b91a5e05ac5044e50c2164395aa8ca5360ed88c19543afb946709', 'path': ['metr"
sections/06-results.tex,92,P01-cells,96,P01,"{'bundle': 'EXP-P01-peer-sweep', 'kind': 'path', 'manifest_sha256': '7aa85508062b2b28519f157a64dcf2692b43dcf50b9264bf308888bcbefe5e54', 'path': ['metrics', 'des"
sections/06-results.tex,94,P01-tight-n3,7,P01,"{'args': {'size': 3, 'spread': 'tight'}, 'bundle': 'EXP-P01-peer-sweep', 'derivation': 'p01_emitted', 'kind': 'derived', 'manifest_sha256': '7aa85508062b2b28519"
sections/06-results.tex,96,P01-wide-n3,2,P01,"{'args': {'size': 3, 'spread': 'wide'}, 'bundle': 'EXP-P01-peer-sweep', 'derivation': 'p01_emitted', 'kind': 'derived', 'manifest_sha256': '7aa85508062b2b28519f"
sections/06-results.tex,97,P01-wide-n5,4,P01,"{'args': {'size': 5, 'spread': 'wide'}, 'bundle': 'EXP-P01-peer-sweep', 'derivation': 'p01_emitted', 'kind': 'derived', 'manifest_sha256': '7aa85508062b2b28519f"
sections/06-results.tex,105,P01-cells,96,P01,"{'bundle': 'EXP-P01-peer-sweep', 'kind': 'path', 'manifest_sha256': '7aa85508062b2b28519f157a64dcf2692b43dcf50b9264bf308888bcbefe5e54', 'path': ['metrics', 'des"
sections/06-results.tex,110,O01-pairs,30,O01,"{'bundle': 'EXP-O01-orchestration-overhead', 'kind': 'path', 'manifest_sha256': 'd758a2801f158cc26cc0c9342062bf6656dc05359b9944b5a9ed278a601f2b84', 'path': ['me"
sections/06-results.tex,111,O01-direct-median,1.276,O01,"{'bundle': 'EXP-O01-orchestration-overhead', 'kind': 'path', 'manifest_sha256': 'd758a2801f158cc26cc0c9342062bf6656dc05359b9944b5a9ed278a601f2b84', 'path': ['me"
sections/06-results.tex,112,O01-graph-median,1.433,O01,"{'bundle': 'EXP-O01-orchestration-overhead', 'kind': 'path', 'manifest_sha256': 'd758a2801f158cc26cc0c9342062bf6656dc05359b9944b5a9ed278a601f2b84', 'path': ['me"
sections/06-results.tex,112,O01-unrev-median,0.976,O01,"{'bundle': 'EXP-O01-orchestration-overhead', 'kind': 'path', 'manifest_sha256': 'd758a2801f158cc26cc0c9342062bf6656dc05359b9944b5a9ed278a601f2b84', 'path': ['me"
sections/06-results.tex,113,O01-diff-proc,0.096,O01,"{'bundle': 'EXP-O01-orchestration-overhead', 'kind': 'path', 'manifest_sha256': 'd758a2801f158cc26cc0c9342062bf6656dc05359b9944b5a9ed278a601f2b84', 'path': ['me"
sections/06-results.tex,114,O01-diff-proc-lo,\ensuremath{-}0.020,O01,"{'bundle': 'EXP-O01-orchestration-overhead', 'kind': 'path', 'manifest_sha256': 'd758a2801f158cc26cc0c9342062bf6656dc05359b9944b5a9ed278a601f2b84', 'path': ['me"
sections/06-results.tex,114,O01-diff-proc-hi,0.211,O01,"{'bundle': 'EXP-O01-orchestration-overhead', 'kind': 'path', 'manifest_sha256': 'd758a2801f158cc26cc0c9342062bf6656dc05359b9944b5a9ed278a601f2b84', 'path': ['me"
sections/06-results.tex,115,O01-diff-db,38,O01,"{'bundle': 'EXP-O01-orchestration-overhead', 'kind': 'path', 'manifest_sha256': 'd758a2801f158cc26cc0c9342062bf6656dc05359b9944b5a9ed278a601f2b84', 'path': ['me"
sections/06-results.tex,116,O01-checkpoints,7,O01,"{'bundle': 'EXP-O01-orchestration-overhead', 'kind': 'path', 'manifest_sha256': 'd758a2801f158cc26cc0c9342062bf6656dc05359b9944b5a9ed278a601f2b84', 'path': ['me"
sections/06-results.tex,117,O01-diff-review,0.318,O01,"{'bundle': 'EXP-O01-orchestration-overhead', 'kind': 'path', 'manifest_sha256': 'd758a2801f158cc26cc0c9342062bf6656dc05359b9944b5a9ed278a601f2b84', 'path': ['me"
sections/06-results.tex,118,O01-final-median,0.288,O01,"{'bundle': 'EXP-O01-orchestration-overhead', 'kind': 'path', 'manifest_sha256': 'd758a2801f158cc26cc0c9342062bf6656dc05359b9944b5a9ed278a601f2b84', 'path': ['me"
sections/06-results.tex,119,O01-verify-median,0.062,O01,"{'bundle': 'EXP-O01-orchestration-overhead', 'kind': 'path', 'manifest_sha256': 'd758a2801f158cc26cc0c9342062bf6656dc05359b9944b5a9ed278a601f2b84', 'path': ['me"
sections/06-results.tex,119,O02-points,6,O02,"{'args': {'path': ['metrics', 'design', 'interruption_points']}, 'bundle': 'EXP-O02-orchestration-recovery', 'derivation': 'len_path', 'kind': 'derived', 'manif"
sections/06-results.tex,120,O02-trials,3,O02,"{'bundle': 'EXP-O02-orchestration-recovery', 'kind': 'path', 'manifest_sha256': 'ddd3bef48fb22f110d4c5f85534dd5bc2eea0cb975444f1ba9dee2aa309b064c', 'path': ['me"
sections/06-results.tex,123,O02-recovered,36,O02,"{'args': {'field': 'recovered_to_completion'}, 'bundle': 'EXP-O02-orchestration-recovery', 'derivation': 'o02_sum', 'kind': 'derived', 'manifest_sha256': 'ddd3b"
sections/06-results.tex,123,O02-runs,36,O02,"{'args': {'path': ['metrics', 'trials']}, 'bundle': 'EXP-O02-orchestration-recovery', 'derivation': 'len_path', 'kind': 'derived', 'manifest_sha256': 'ddd3bef48"
sections/06-results.tex,123,O02-identical,36,O02,"{'args': {'field': 'outputs_match_reference'}, 'bundle': 'EXP-O02-orchestration-recovery', 'derivation': 'o02_sum', 'kind': 'derived', 'manifest_sha256': 'ddd3b"
sections/06-results.tex,125,O02-repeated,0,O02,"{'args': {'field': 'runs_with_repeated_completed_stages'}, 'bundle': 'EXP-O02-orchestration-recovery', 'derivation': 'o02_sum', 'kind': 'derived', 'manifest_sha"
sections/06-results.tex,132,T01-tested,14,T01,"{'bundle': 'EXP-T01-trust-mutation-matrix', 'kind': 'path', 'manifest_sha256': 'f20a5c59cb4604919174e28d46ad52e060b67820953e7baccf4d86c1f722e0fc', 'path': ['mut"
sections/06-results.tex,134,T01-detected,13,T01,"{'bundle': 'EXP-T01-trust-mutation-matrix', 'kind': 'path', 'manifest_sha256': 'f20a5c59cb4604919174e28d46ad52e060b67820953e7baccf4d86c1f722e0fc', 'path': ['mut"
sections/06-results.tex,134,T01-expected,13,T01,"{'bundle': 'EXP-T01-trust-mutation-matrix', 'kind': 'path', 'manifest_sha256': 'f20a5c59cb4604919174e28d46ad52e060b67820953e7baccf4d86c1f722e0fc', 'path': ['mut"
sections/06-results.tex,137,T01-controls,1,T01,"{'bundle': 'EXP-T01-trust-mutation-matrix', 'kind': 'path', 'manifest_sha256': 'f20a5c59cb4604919174e28d46ad52e060b67820953e7baccf4d86c1f722e0fc', 'path': ['mut"
sections/07-external-evaluation.tex,7,X02b-groups,50,X02b,"{'bundle': 'EXP-X02b-external-itsm', 'kind': 'path', 'manifest_sha256': '036652ed89089874a31689354c0ddac26e4140e0f4e7b774f4341408a4d9b9d0', 'path': ['metrics', "
sections/07-external-evaluation.tex,7,X02b-incidents,"22,604",X02b,"{'bundle': 'EXP-X02b-external-itsm', 'kind': 'path', 'manifest_sha256': '036652ed89089874a31689354c0ddac26e4140e0f4e7b774f4341408a4d9b9d0', 'path': ['metrics', "
sections/07-external-evaluation.tex,7,X02b-incidents-total,"24,918",X02b,"{'bundle': 'EXP-X02b-external-itsm', 'kind': 'path', 'manifest_sha256': '036652ed89089874a31689354c0ddac26e4140e0f4e7b774f4341408a4d9b9d0', 'path': ['metrics', "
sections/07-external-evaluation.tex,8,X02b-events,"47,420",X02b,"{'bundle': 'EXP-X02b-external-itsm', 'kind': 'path', 'manifest_sha256': '036652ed89089874a31689354c0ddac26e4140e0f4e7b774f4341408a4d9b9d0', 'path': ['metrics', "
sections/07-external-evaluation.tex,9,X02b-reassign,"19,656",X02b,"{'bundle': 'EXP-X02b-external-itsm', 'kind': 'path', 'manifest_sha256': '036652ed89089874a31689354c0ddac26e4140e0f4e7b774f4341408a4d9b9d0', 'path': ['metrics', "
sections/07-external-evaluation.tex,16,X02b-rows-received,"134,888",X02b,"{'bundle': 'EXP-X02b-external-itsm', 'kind': 'path', 'manifest_sha256': '036652ed89089874a31689354c0ddac26e4140e0f4e7b774f4341408a4d9b9d0', 'path': ['metrics', "
sections/07-external-evaluation.tex,17,X02b-rows-rejected,0,X02b,"{'bundle': 'EXP-X02b-external-itsm', 'kind': 'path', 'manifest_sha256': '036652ed89089874a31689354c0ddac26e4140e0f4e7b774f4341408a4d9b9d0', 'path': ['metrics', "
sections/07-external-evaluation.tex,18,X02b-analysis-median,9,X02b,"{'bundle': 'EXP-X02b-external-itsm', 'kind': 'path', 'manifest_sha256': '036652ed89089874a31689354c0ddac26e4140e0f4e7b774f4341408a4d9b9d0', 'path': ['metrics', "
sections/07-external-evaluation.tex,21,X02b-rho-risk,\ensuremath{-}0.11,X02b,"{'bundle': 'EXP-X02b-external-itsm', 'kind': 'path', 'manifest_sha256': '036652ed89089874a31689354c0ddac26e4140e0f4e7b774f4341408a4d9b9d0', 'path': ['metrics', "
sections/07-external-evaluation.tex,21,X02b-rho-risk-lo,\ensuremath{-}0.42,X02b,"{'bundle': 'EXP-X02b-external-itsm', 'kind': 'path', 'manifest_sha256': '036652ed89089874a31689354c0ddac26e4140e0f4e7b774f4341408a4d9b9d0', 'path': ['metrics', "
sections/07-external-evaluation.tex,22,X02b-rho-risk-hi,0.21,X02b,"{'bundle': 'EXP-X02b-external-itsm', 'kind': 'path', 'manifest_sha256': '036652ed89089874a31689354c0ddac26e4140e0f4e7b774f4341408a4d9b9d0', 'path': ['metrics', "
sections/07-external-evaluation.tex,23,X02b-rho-slowest,0.94,X02b,"{'bundle': 'EXP-X02b-external-itsm', 'kind': 'path', 'manifest_sha256': '036652ed89089874a31689354c0ddac26e4140e0f4e7b774f4341408a4d9b9d0', 'path': ['metrics', "
sections/07-external-evaluation.tex,23,X02b-rho-slowest-lo,0.86,X02b,"{'bundle': 'EXP-X02b-external-itsm', 'kind': 'path', 'manifest_sha256': '036652ed89089874a31689354c0ddac26e4140e0f4e7b774f4341408a4d9b9d0', 'path': ['metrics', "
sections/07-external-evaluation.tex,24,X02b-rho-slowest-hi,0.97,X02b,"{'bundle': 'EXP-X02b-external-itsm', 'kind': 'path', 'manifest_sha256': '036652ed89089874a31689354c0ddac26e4140e0f4e7b774f4341408a4d9b9d0', 'path': ['metrics', "
sections/07-external-evaluation.tex,25,X02b-rho-reassign,0.37,X02b,"{'bundle': 'EXP-X02b-external-itsm', 'kind': 'path', 'manifest_sha256': '036652ed89089874a31689354c0ddac26e4140e0f4e7b774f4341408a4d9b9d0', 'path': ['metrics', "
sections/07-external-evaluation.tex,25,X02b-relevant,12,X02b,"{'args': {}, 'bundle': 'EXP-X02b-external-itsm', 'derivation': 'x02b_relevant_groups', 'kind': 'derived', 'manifest_sha256': '036652ed89089874a31689354c0ddac26e"
sections/07-external-evaluation.tex,26,X02b-p10-satsa,0.40,X02b,"{'bundle': 'EXP-X02b-external-itsm', 'kind': 'path', 'manifest_sha256': '036652ed89089874a31689354c0ddac26e4140e0f4e7b774f4341408a4d9b9d0', 'path': ['metrics', "
sections/07-external-evaluation.tex,26,X02b-p10-random,0.25,X02b,"{'bundle': 'EXP-X02b-external-itsm', 'kind': 'path', 'manifest_sha256': '036652ed89089874a31689354c0ddac26e4140e0f4e7b774f4341408a4d9b9d0', 'path': ['metrics', "
sections/07-external-evaluation.tex,27,X02b-p10-slowest,1.00,X02b,"{'bundle': 'EXP-X02b-external-itsm', 'kind': 'path', 'manifest_sha256': '036652ed89089874a31689354c0ddac26e4140e0f4e7b774f4341408a4d9b9d0', 'path': ['metrics', "
sections/07-external-evaluation.tex,27,X02b-volume-satsa,50,X02b,"{'bundle': 'EXP-X02b-external-itsm', 'kind': 'path', 'manifest_sha256': '036652ed89089874a31689354c0ddac26e4140e0f4e7b774f4341408a4d9b9d0', 'path': ['metrics', "
sections/07-external-evaluation.tex,28,X02b-volume-slowest,24,X02b,"{'bundle': 'EXP-X02b-external-itsm', 'kind': 'path', 'manifest_sha256': '036652ed89089874a31689354c0ddac26e4140e0f4e7b774f4341408a4d9b9d0', 'path': ['metrics', "
sections/07-external-evaluation.tex,37,X02b-groups,50,X02b,"{'bundle': 'EXP-X02b-external-itsm', 'kind': 'path', 'manifest_sha256': '036652ed89089874a31689354c0ddac26e4140e0f4e7b774f4341408a4d9b9d0', 'path': ['metrics', "
sections/07-external-evaluation.tex,45,X03-rho-fast,\ensuremath{-}0.70,X03,"{'bundle': 'EXP-X03-external-failure-analysis', 'kind': 'path', 'manifest_sha256': '10229533540e0ec189daba065ef3dae96a404a9842076caacbb61e12de8c8182', 'path': ["
sections/07-external-evaluation.tex,45,X03-rho-fast-lo,\ensuremath{-}0.82,X03,"{'bundle': 'EXP-X03-external-failure-analysis', 'kind': 'path', 'manifest_sha256': '10229533540e0ec189daba065ef3dae96a404a9842076caacbb61e12de8c8182', 'path': ["
sections/07-external-evaluation.tex,45,X03-rho-fast-hi,\ensuremath{-}0.52,X03,"{'bundle': 'EXP-X03-external-failure-analysis', 'kind': 'path', 'manifest_sha256': '10229533540e0ec189daba065ef3dae96a404a9842076caacbb61e12de8c8182', 'path': ["
sections/07-external-evaluation.tex,48,X03-rho-execgap,\ensuremath{-}0.41,X03,"{'bundle': 'EXP-X03-external-failure-analysis', 'kind': 'path', 'manifest_sha256': '10229533540e0ec189daba065ef3dae96a404a9842076caacbb61e12de8c8182', 'path': ["
sections/07-external-evaluation.tex,48,X03-rho-execgap-lo,\ensuremath{-}0.66,X03,"{'bundle': 'EXP-X03-external-failure-analysis', 'kind': 'path', 'manifest_sha256': '10229533540e0ec189daba065ef3dae96a404a9842076caacbb61e12de8c8182', 'path': ["
sections/07-external-evaluation.tex,48,X03-rho-execgap-hi,\ensuremath{-}0.11,X03,"{'bundle': 'EXP-X03-external-failure-analysis', 'kind': 'path', 'manifest_sha256': '10229533540e0ec189daba065ef3dae96a404a9842076caacbb61e12de8c8182', 'path': ["
sections/07-external-evaluation.tex,50,X03-saturated,4,X03,"{'args': {}, 'bundle': 'EXP-X03-external-failure-analysis', 'derivation': 'x03_saturated', 'kind': 'derived', 'manifest_sha256': '10229533540e0ec189daba065ef3da"
sections/07-external-evaluation.tex,52,X03-cases-min,1.7\%,X03,"{'args': {'metric': 'cases_without_steps_rate', 'stat': 'min'}, 'bundle': 'EXP-X03-external-failure-analysis', 'derivation': 'x03_prevalence', 'kind': 'derived'"
sections/07-external-evaluation.tex,52,X03-cases-max,78.4\%,X03,"{'args': {'metric': 'cases_without_steps_rate', 'stat': 'max'}, 'bundle': 'EXP-X03-external-failure-analysis', 'derivation': 'x03_prevalence', 'kind': 'derived'"
sections/07-external-evaluation.tex,53,X03-alerts-min,5.2\%,X03,"{'args': {'metric': 'alerts_with_under_2_steps_rate', 'stat': 'min'}, 'bundle': 'EXP-X03-external-failure-analysis', 'derivation': 'x03_prevalence', 'kind': 'de"
sections/07-external-evaluation.tex,53,X03-alerts-max,85.9\%,X03,"{'args': {'metric': 'alerts_with_under_2_steps_rate', 'stat': 'max'}, 'bundle': 'EXP-X03-external-failure-analysis', 'derivation': 'x03_prevalence', 'kind': 'de"
sections/07-external-evaluation.tex,56,X03-risk-distinct,49,X03,"{'bundle': 'EXP-X03-external-failure-analysis', 'kind': 'path', 'manifest_sha256': '10229533540e0ec189daba065ef3dae96a404a9842076caacbb61e12de8c8182', 'path': ["
sections/07-external-evaluation.tex,57,X03-risk-vs-volume,0.02,X03,"{'bundle': 'EXP-X03-external-failure-analysis', 'kind': 'path', 'manifest_sha256': '10229533540e0ec189daba065ef3dae96a404a9842076caacbb61e12de8c8182', 'path': ["
sections/07-external-evaluation.tex,58,X03-zero-dims,3,X03,"{'args': {}, 'bundle': 'EXP-X03-external-failure-analysis', 'derivation': 'x03_zero_dimensions', 'kind': 'derived', 'manifest_sha256': '10229533540e0ec189daba06"
sections/07-external-evaluation.tex,58,CODE-dimensions,7,code,"{'fact': 'risk_dimension_count', 'kind': 'code'}"
sections/07-external-evaluation.tex,62,X03-note-rule,39,X03,"{'bundle': 'EXP-X03-external-failure-analysis', 'kind': 'path', 'manifest_sha256': '10229533540e0ec189daba065ef3dae96a404a9842076caacbb61e12de8c8182', 'path': ["
sections/07-external-evaluation.tex,63,X03-other-group,3,X03,"{'bundle': 'EXP-X03-external-failure-analysis', 'kind': 'path', 'manifest_sha256': '10229533540e0ec189daba065ef3dae96a404a9842076caacbb61e12de8c8182', 'path': ["
sections/07-external-evaluation.tex,63,X03-missed,"7,907",X03,"{'bundle': 'EXP-X03-external-failure-analysis', 'kind': 'path', 'manifest_sha256': '10229533540e0ec189daba065ef3dae96a404a9842076caacbb61e12de8c8182', 'path': ["
sections/07-external-evaluation.tex,64,X03-reassigned-miss,53.8\%,X03,"{'bundle': 'EXP-X03-external-failure-analysis', 'kind': 'path', 'manifest_sha256': '10229533540e0ec189daba065ef3dae96a404a9842076caacbb61e12de8c8182', 'path': ["
sections/07-external-evaluation.tex,65,X03-notreassigned-miss,21.5\%,X03,"{'bundle': 'EXP-X03-external-failure-analysis', 'kind': 'path', 'manifest_sha256': '10229533540e0ec189daba065ef3dae96a404a9842076caacbb61e12de8c8182', 'path': ["
sections/08-discussion.tex,28,O01-diff-proc,0.096,O01,"{'bundle': 'EXP-O01-orchestration-overhead', 'kind': 'path', 'manifest_sha256': 'd758a2801f158cc26cc0c9342062bf6656dc05359b9944b5a9ed278a601f2b84', 'path': ['me"
sections/08-discussion.tex,29,O01-diff-db,38,O01,"{'bundle': 'EXP-O01-orchestration-overhead', 'kind': 'path', 'manifest_sha256': 'd758a2801f158cc26cc0c9342062bf6656dc05359b9944b5a9ed278a601f2b84', 'path': ['me"
sections/09-threats.tex,16,PR01-entities,20,PR01,"{'bundle': 'EXP-PR01-prioritization-replicated', 'kind': 'path', 'manifest_sha256': '2d83cefce4326afc7549b9386567fd803ebf6dcde97d03b189ae13d7d9222c75', 'path': "
sections/09-threats.tex,30,D01-pass,18,D01,"{'file': 'supporting/EXP-D01-local-process-smoke.json', 'kind': 'supporting', 'path': ['counts', 'PASS'], 'sha256': '29bddd52a5c649b9de6002abd4372c1e9d2b518d3e6"
sections/09-threats.tex,31,D01-fail,0,D01,"{'file': 'supporting/EXP-D01-local-process-smoke.json', 'kind': 'supporting', 'path': ['counts', 'FAIL'], 'sha256': '29bddd52a5c649b9de6002abd4372c1e9d2b518d3e6"
tables/tab-ablation.tex,2,C01-action-total,5,C01,"{'bundle': 'controlled-final-seed-17', 'kind': 'path', 'manifest_sha256': '0ad518882d319dd9136b57462f216024f780d89af686c8248864ed58b2449637', 'path': ['metrics'"
tables/tab-ablation.tex,12,A01-workers,16,A01,"{'args': {'path': ['metrics', 'design', 'workers']}, 'bundle': 'EXP-A01-component-ablation', 'derivation': 'len_path', 'kind': 'derived', 'manifest_sha256': '03"
tables/tab-ablation.tex,12,A01-full-precision,0.556,A01,"{'bundle': 'EXP-A01-component-ablation', 'kind': 'path', 'manifest_sha256': '03632678da62b27940702b8ec11cfbee726d62f199762f7093e0b5d93a445ff4', 'path': ['metric"
tables/tab-ablation.tex,12,A01-full-recall,1.000,A01,"{'bundle': 'EXP-A01-component-ablation', 'kind': 'path', 'manifest_sha256': '03632678da62b27940702b8ec11cfbee726d62f199762f7093e0b5d93a445ff4', 'path': ['metric"
tables/tab-ablation.tex,12,A01-pop-full,0.760,A01,"{'bundle': 'EXP-A01-component-ablation', 'kind': 'path', 'manifest_sha256': '03632678da62b27940702b8ec11cfbee726d62f199762f7093e0b5d93a445ff4', 'path': ['metric"
tables/tab-ablation.tex,13,A01-fast-closure-precision,0.429,A01,"{'bundle': 'EXP-A01-component-ablation', 'kind': 'path', 'manifest_sha256': '03632678da62b27940702b8ec11cfbee726d62f199762f7093e0b5d93a445ff4', 'path': ['metric"
tables/tab-ablation.tex,13,A01-fast-closure-recall,0.600,A01,"{'bundle': 'EXP-A01-component-ablation', 'kind': 'path', 'manifest_sha256': '03632678da62b27940702b8ec11cfbee726d62f199762f7093e0b5d93a445ff4', 'path': ['metric"
tables/tab-ablation.tex,13,A01-pop-fast-closure,0.600,A01,"{'bundle': 'EXP-A01-component-ablation', 'kind': 'path', 'manifest_sha256': '03632678da62b27940702b8ec11cfbee726d62f199762f7093e0b5d93a445ff4', 'path': ['metric"
tables/tab-ablation.tex,14,A01-negative-space-precision,0.500,A01,"{'bundle': 'EXP-A01-component-ablation', 'kind': 'path', 'manifest_sha256': '03632678da62b27940702b8ec11cfbee726d62f199762f7093e0b5d93a445ff4', 'path': ['metric"
tables/tab-ablation.tex,14,A01-negative-space-recall,0.600,A01,"{'bundle': 'EXP-A01-component-ablation', 'kind': 'path', 'manifest_sha256': '03632678da62b27940702b8ec11cfbee726d62f199762f7093e0b5d93a445ff4', 'path': ['metric"
tables/tab-ablation.tex,14,A01-pop-negative-space,0.640,A01,"{'bundle': 'EXP-A01-component-ablation', 'kind': 'path', 'manifest_sha256': '03632678da62b27940702b8ec11cfbee726d62f199762f7093e0b5d93a445ff4', 'path': ['metric"
tables/tab-ablation.tex,15,A01-evidence-completeness-precision,0.500,A01,"{'bundle': 'EXP-A01-component-ablation', 'kind': 'path', 'manifest_sha256': '03632678da62b27940702b8ec11cfbee726d62f199762f7093e0b5d93a445ff4', 'path': ['metric"
tables/tab-ablation.tex,15,A01-evidence-completeness-recall,0.800,A01,"{'bundle': 'EXP-A01-component-ablation', 'kind': 'path', 'manifest_sha256': '03632678da62b27940702b8ec11cfbee726d62f199762f7093e0b5d93a445ff4', 'path': ['metric"
tables/tab-ablation.tex,16,A01-recurring-without-remediation-precision,0.714,A01,"{'bundle': 'EXP-A01-component-ablation', 'kind': 'path', 'manifest_sha256': '03632678da62b27940702b8ec11cfbee726d62f199762f7093e0b5d93a445ff4', 'path': ['metric"
tables/tab-ablation.tex,16,A01-recurring-without-remediation-recall,1.000,A01,"{'bundle': 'EXP-A01-component-ablation', 'kind': 'path', 'manifest_sha256': '03632678da62b27940702b8ec11cfbee726d62f199762f7093e0b5d93a445ff4', 'path': ['metric"
tables/tab-ablation.tex,16,A01-pop-recurring-without-remediation,0.800,A01,"{'bundle': 'EXP-A01-component-ablation', 'kind': 'path', 'manifest_sha256': '03632678da62b27940702b8ec11cfbee726d62f199762f7093e0b5d93a445ff4', 'path': ['metric"
tables/tab-ablation.tex,17,A01-coverage-gap-precision,0.625,A01,"{'bundle': 'EXP-A01-component-ablation', 'kind': 'path', 'manifest_sha256': '03632678da62b27940702b8ec11cfbee726d62f199762f7093e0b5d93a445ff4', 'path': ['metric"
tables/tab-ablation.tex,17,A01-coverage-gap-recall,1.000,A01,"{'bundle': 'EXP-A01-component-ablation', 'kind': 'path', 'manifest_sha256': '03632678da62b27940702b8ec11cfbee726d62f199762f7093e0b5d93a445ff4', 'path': ['metric"
tables/tab-ablation.tex,17,A01-pop-coverage-gap,0.800,A01,"{'bundle': 'EXP-A01-component-ablation', 'kind': 'path', 'manifest_sha256': '03632678da62b27940702b8ec11cfbee726d62f199762f7093e0b5d93a445ff4', 'path': ['metric"
tables/tab-ablation.tex,18,A01-pop-anomaly,0.800,A01,"{'bundle': 'EXP-A01-component-ablation', 'kind': 'path', 'manifest_sha256': '03632678da62b27940702b8ec11cfbee726d62f199762f7093e0b5d93a445ff4', 'path': ['metric"
tables/tab-ablation.tex,19,A01-pop-workflow-reconstruction,0.800,A01,"{'bundle': 'EXP-A01-component-ablation', 'kind': 'path', 'manifest_sha256': '03632678da62b27940702b8ec11cfbee726d62f199762f7093e0b5d93a445ff4', 'path': ['metric"
tables/tab-ablation.tex,20,A01-pop-peer-benchmark,0.720,A01,"{'bundle': 'EXP-A01-component-ablation', 'kind': 'path', 'manifest_sha256': '03632678da62b27940702b8ec11cfbee726d62f199762f7093e0b5d93a445ff4', 'path': ['metric"
tables/tab-ablation.tex,21,A01-pop-case-similarity,0.720,A01,"{'bundle': 'EXP-A01-component-ablation', 'kind': 'path', 'manifest_sha256': '03632678da62b27940702b8ec11cfbee726d62f199762f7093e0b5d93a445ff4', 'path': ['metric"
tables/tab-design.tex,12,C01-action-total,5,C01,"{'bundle': 'controlled-final-seed-17', 'kind': 'path', 'manifest_sha256': '0ad518882d319dd9136b57462f216024f780d89af686c8248864ed58b2449637', 'path': ['metrics'"
tables/tab-design.tex,13,C01-closure-n,12,C01,"{'bundle': 'controlled-final-seed-17', 'kind': 'path', 'manifest_sha256': '0ad518882d319dd9136b57462f216024f780d89af686c8248864ed58b2449637', 'path': ['metrics'"
tables/tab-design.tex,14,PR01-replicates,20,PR01,"{'bundle': 'EXP-PR01-prioritization-replicated', 'kind': 'path', 'manifest_sha256': '2d83cefce4326afc7549b9386567fd803ebf6dcde97d03b189ae13d7d9222c75', 'path': "
tables/tab-design.tex,16,R01b-expect,245,R01b,"{'bundle': 'EXP-R01b-evidence-robustness', 'kind': 'path', 'manifest_sha256': '8a43c01d982b91a5e05ac5044e50c2164395aa8ca5360ed88c19543afb946709', 'path': ['metr"
tables/tab-design.tex,17,T01-tested,14,T01,"{'bundle': 'EXP-T01-trust-mutation-matrix', 'kind': 'path', 'manifest_sha256': 'f20a5c59cb4604919174e28d46ad52e060b67820953e7baccf4d86c1f722e0fc', 'path': ['mut"
tables/tab-design.tex,18,P01-cells,96,P01,"{'bundle': 'EXP-P01-peer-sweep', 'kind': 'path', 'manifest_sha256': '7aa85508062b2b28519f157a64dcf2692b43dcf50b9264bf308888bcbefe5e54', 'path': ['metrics', 'des"
tables/tab-design.tex,19,O01-pairs,30,O01,"{'bundle': 'EXP-O01-orchestration-overhead', 'kind': 'path', 'manifest_sha256': 'd758a2801f158cc26cc0c9342062bf6656dc05359b9944b5a9ed278a601f2b84', 'path': ['me"
tables/tab-design.tex,20,O02-runs,36,O02,"{'args': {'path': ['metrics', 'trials']}, 'bundle': 'EXP-O02-orchestration-recovery', 'derivation': 'len_path', 'kind': 'derived', 'manifest_sha256': 'ddd3bef48"
tables/tab-design.tex,21,X02b-groups,50,X02b,"{'bundle': 'EXP-X02b-external-itsm', 'kind': 'path', 'manifest_sha256': '036652ed89089874a31689354c0ddac26e4140e0f4e7b774f4341408a4d9b9d0', 'path': ['metrics', "
tables/tab-external.tex,3,X02b-groups,50,X02b,"{'bundle': 'EXP-X02b-external-itsm', 'kind': 'path', 'manifest_sha256': '036652ed89089874a31689354c0ddac26e4140e0f4e7b774f4341408a4d9b9d0', 'path': ['metrics', "
tables/tab-external.tex,12,X02b-rho-risk,\ensuremath{-}0.11,X02b,"{'bundle': 'EXP-X02b-external-itsm', 'kind': 'path', 'manifest_sha256': '036652ed89089874a31689354c0ddac26e4140e0f4e7b774f4341408a4d9b9d0', 'path': ['metrics', "
tables/tab-external.tex,12,X02b-rho-risk-lo,\ensuremath{-}0.42,X02b,"{'bundle': 'EXP-X02b-external-itsm', 'kind': 'path', 'manifest_sha256': '036652ed89089874a31689354c0ddac26e4140e0f4e7b774f4341408a4d9b9d0', 'path': ['metrics', "
tables/tab-external.tex,12,X02b-rho-risk-hi,0.21,X02b,"{'bundle': 'EXP-X02b-external-itsm', 'kind': 'path', 'manifest_sha256': '036652ed89089874a31689354c0ddac26e4140e0f4e7b774f4341408a4d9b9d0', 'path': ['metrics', "
tables/tab-external.tex,13,X02b-rho-volume,\ensuremath{-}0.15,X02b,"{'bundle': 'EXP-X02b-external-itsm', 'kind': 'path', 'manifest_sha256': '036652ed89089874a31689354c0ddac26e4140e0f4e7b774f4341408a4d9b9d0', 'path': ['metrics', "
tables/tab-external.tex,13,X02b-rho-volume-lo,\ensuremath{-}0.42,X02b,"{'bundle': 'EXP-X02b-external-itsm', 'kind': 'path', 'manifest_sha256': '036652ed89089874a31689354c0ddac26e4140e0f4e7b774f4341408a4d9b9d0', 'path': ['metrics', "
tables/tab-external.tex,13,X02b-rho-volume-hi,0.16,X02b,"{'bundle': 'EXP-X02b-external-itsm', 'kind': 'path', 'manifest_sha256': '036652ed89089874a31689354c0ddac26e4140e0f4e7b774f4341408a4d9b9d0', 'path': ['metrics', "
tables/tab-external.tex,14,X02b-rho-reassign,0.37,X02b,"{'bundle': 'EXP-X02b-external-itsm', 'kind': 'path', 'manifest_sha256': '036652ed89089874a31689354c0ddac26e4140e0f4e7b774f4341408a4d9b9d0', 'path': ['metrics', "
tables/tab-external.tex,14,X02b-rho-reassign-lo,0.08,X02b,"{'bundle': 'EXP-X02b-external-itsm', 'kind': 'path', 'manifest_sha256': '036652ed89089874a31689354c0ddac26e4140e0f4e7b774f4341408a4d9b9d0', 'path': ['metrics', "
tables/tab-external.tex,14,X02b-rho-reassign-hi,0.60,X02b,"{'bundle': 'EXP-X02b-external-itsm', 'kind': 'path', 'manifest_sha256': '036652ed89089874a31689354c0ddac26e4140e0f4e7b774f4341408a4d9b9d0', 'path': ['metrics', "
tables/tab-external.tex,15,X02b-rho-slowest,0.94,X02b,"{'bundle': 'EXP-X02b-external-itsm', 'kind': 'path', 'manifest_sha256': '036652ed89089874a31689354c0ddac26e4140e0f4e7b774f4341408a4d9b9d0', 'path': ['metrics', "
tables/tab-external.tex,15,X02b-rho-slowest-lo,0.86,X02b,"{'bundle': 'EXP-X02b-external-itsm', 'kind': 'path', 'manifest_sha256': '036652ed89089874a31689354c0ddac26e4140e0f4e7b774f4341408a4d9b9d0', 'path': ['metrics', "
tables/tab-external.tex,15,X02b-rho-slowest-hi,0.97,X02b,"{'bundle': 'EXP-X02b-external-itsm', 'kind': 'path', 'manifest_sha256': '036652ed89089874a31689354c0ddac26e4140e0f4e7b774f4341408a4d9b9d0', 'path': ['metrics', "
tables/tab-external.tex,17,X03-rho-execgap,\ensuremath{-}0.41,X03,"{'bundle': 'EXP-X03-external-failure-analysis', 'kind': 'path', 'manifest_sha256': '10229533540e0ec189daba065ef3dae96a404a9842076caacbb61e12de8c8182', 'path': ["
tables/tab-external.tex,17,X03-rho-execgap-lo,\ensuremath{-}0.66,X03,"{'bundle': 'EXP-X03-external-failure-analysis', 'kind': 'path', 'manifest_sha256': '10229533540e0ec189daba065ef3dae96a404a9842076caacbb61e12de8c8182', 'path': ["
tables/tab-external.tex,17,X03-rho-execgap-hi,\ensuremath{-}0.11,X03,"{'bundle': 'EXP-X03-external-failure-analysis', 'kind': 'path', 'manifest_sha256': '10229533540e0ec189daba065ef3dae96a404a9842076caacbb61e12de8c8182', 'path': ["
tables/tab-external.tex,18,X03-rho-fast,\ensuremath{-}0.70,X03,"{'bundle': 'EXP-X03-external-failure-analysis', 'kind': 'path', 'manifest_sha256': '10229533540e0ec189daba065ef3dae96a404a9842076caacbb61e12de8c8182', 'path': ["
tables/tab-external.tex,18,X03-rho-fast-lo,\ensuremath{-}0.82,X03,"{'bundle': 'EXP-X03-external-failure-analysis', 'kind': 'path', 'manifest_sha256': '10229533540e0ec189daba065ef3dae96a404a9842076caacbb61e12de8c8182', 'path': ["
tables/tab-external.tex,18,X03-rho-fast-hi,\ensuremath{-}0.52,X03,"{'bundle': 'EXP-X03-external-failure-analysis', 'kind': 'path', 'manifest_sha256': '10229533540e0ec189daba065ef3dae96a404a9842076caacbb61e12de8c8182', 'path': ["
tables/tab-orch.tex,2,O01-pairs,30,O01,"{'bundle': 'EXP-O01-orchestration-overhead', 'kind': 'path', 'manifest_sha256': 'd758a2801f158cc26cc0c9342062bf6656dc05359b9944b5a9ed278a601f2b84', 'path': ['me"
tables/tab-orch.tex,5,O01-diff-proc,0.096,O01,"{'bundle': 'EXP-O01-orchestration-overhead', 'kind': 'path', 'manifest_sha256': 'd758a2801f158cc26cc0c9342062bf6656dc05359b9944b5a9ed278a601f2b84', 'path': ['me"
tables/tab-orch.tex,5,O01-diff-proc-lo,\ensuremath{-}0.020,O01,"{'bundle': 'EXP-O01-orchestration-overhead', 'kind': 'path', 'manifest_sha256': 'd758a2801f158cc26cc0c9342062bf6656dc05359b9944b5a9ed278a601f2b84', 'path': ['me"
tables/tab-orch.tex,5,O01-diff-proc-hi,0.211,O01,"{'bundle': 'EXP-O01-orchestration-overhead', 'kind': 'path', 'manifest_sha256': 'd758a2801f158cc26cc0c9342062bf6656dc05359b9944b5a9ed278a601f2b84', 'path': ['me"
tables/tab-orch.tex,6,O01-diff-proc-greater,19,O01,"{'bundle': 'EXP-O01-orchestration-overhead', 'kind': 'path', 'manifest_sha256': 'd758a2801f158cc26cc0c9342062bf6656dc05359b9944b5a9ed278a601f2b84', 'path': ['me"
tables/tab-orch.tex,6,O01-pairs,30,O01,"{'bundle': 'EXP-O01-orchestration-overhead', 'kind': 'path', 'manifest_sha256': 'd758a2801f158cc26cc0c9342062bf6656dc05359b9944b5a9ed278a601f2b84', 'path': ['me"
tables/tab-orch.tex,7,O01-final-median,0.288,O01,"{'bundle': 'EXP-O01-orchestration-overhead', 'kind': 'path', 'manifest_sha256': 'd758a2801f158cc26cc0c9342062bf6656dc05359b9944b5a9ed278a601f2b84', 'path': ['me"
tables/tab-orch.tex,7,O01-verify-median,0.062,O01,"{'bundle': 'EXP-O01-orchestration-overhead', 'kind': 'path', 'manifest_sha256': 'd758a2801f158cc26cc0c9342062bf6656dc05359b9944b5a9ed278a601f2b84', 'path': ['me"
tables/tab-orch.tex,8,O01-attest-median,0.853,O01,"{'bundle': 'EXP-O01-orchestration-overhead', 'kind': 'path', 'manifest_sha256': 'd758a2801f158cc26cc0c9342062bf6656dc05359b9944b5a9ed278a601f2b84', 'path': ['me"
tables/tab-orch.tex,17,O01-direct-median,1.276,O01,"{'bundle': 'EXP-O01-orchestration-overhead', 'kind': 'path', 'manifest_sha256': 'd758a2801f158cc26cc0c9342062bf6656dc05359b9944b5a9ed278a601f2b84', 'path': ['me"
tables/tab-orch.tex,17,O01-direct-p95,2.010,O01,"{'bundle': 'EXP-O01-orchestration-overhead', 'kind': 'path', 'manifest_sha256': 'd758a2801f158cc26cc0c9342062bf6656dc05359b9944b5a9ed278a601f2b84', 'path': ['me"
tables/tab-orch.tex,17,O01-direct-outside,0.055,O01,"{'bundle': 'EXP-O01-orchestration-overhead', 'kind': 'path', 'manifest_sha256': 'd758a2801f158cc26cc0c9342062bf6656dc05359b9944b5a9ed278a601f2b84', 'path': ['me"
tables/tab-orch.tex,17,O01-direct-db,420,O01,"{'bundle': 'EXP-O01-orchestration-overhead', 'kind': 'path', 'manifest_sha256': 'd758a2801f158cc26cc0c9342062bf6656dc05359b9944b5a9ed278a601f2b84', 'path': ['me"
tables/tab-orch.tex,18,O01-graph-median,1.433,O01,"{'bundle': 'EXP-O01-orchestration-overhead', 'kind': 'path', 'manifest_sha256': 'd758a2801f158cc26cc0c9342062bf6656dc05359b9944b5a9ed278a601f2b84', 'path': ['me"
tables/tab-orch.tex,18,O01-graph-p95,2.206,O01,"{'bundle': 'EXP-O01-orchestration-overhead', 'kind': 'path', 'manifest_sha256': 'd758a2801f158cc26cc0c9342062bf6656dc05359b9944b5a9ed278a601f2b84', 'path': ['me"
tables/tab-orch.tex,18,O01-graph-outside,0.115,O01,"{'bundle': 'EXP-O01-orchestration-overhead', 'kind': 'path', 'manifest_sha256': 'd758a2801f158cc26cc0c9342062bf6656dc05359b9944b5a9ed278a601f2b84', 'path': ['me"
tables/tab-orch.tex,18,O01-graph-db,458,O01,"{'bundle': 'EXP-O01-orchestration-overhead', 'kind': 'path', 'manifest_sha256': 'd758a2801f158cc26cc0c9342062bf6656dc05359b9944b5a9ed278a601f2b84', 'path': ['me"
tables/tab-orch.tex,19,O01-unrev-median,0.976,O01,"{'bundle': 'EXP-O01-orchestration-overhead', 'kind': 'path', 'manifest_sha256': 'd758a2801f158cc26cc0c9342062bf6656dc05359b9944b5a9ed278a601f2b84', 'path': ['me"
tables/tab-orch.tex,19,O01-unrev-p95,1.655,O01,"{'bundle': 'EXP-O01-orchestration-overhead', 'kind': 'path', 'manifest_sha256': 'd758a2801f158cc26cc0c9342062bf6656dc05359b9944b5a9ed278a601f2b84', 'path': ['me"
tables/tab-orch.tex,19,O01-unrev-outside,0.029,O01,"{'bundle': 'EXP-O01-orchestration-overhead', 'kind': 'path', 'manifest_sha256': 'd758a2801f158cc26cc0c9342062bf6656dc05359b9944b5a9ed278a601f2b84', 'path': ['me"
tables/tab-orch.tex,19,O01-unrev-db,253,O01,"{'bundle': 'EXP-O01-orchestration-overhead', 'kind': 'path', 'manifest_sha256': 'd758a2801f158cc26cc0c9342062bf6656dc05359b9944b5a9ed278a601f2b84', 'path': ['me"
tables/tab-prio.tex,2,PR01-replicates,20,PR01,"{'bundle': 'EXP-PR01-prioritization-replicated', 'kind': 'path', 'manifest_sha256': '2d83cefce4326afc7549b9386567fd803ebf6dcde97d03b189ae13d7d9222c75', 'path': "
tables/tab-prio.tex,3,PR01-entities,20,PR01,"{'bundle': 'EXP-PR01-prioritization-replicated', 'kind': 'path', 'manifest_sha256': '2d83cefce4326afc7549b9386567fd803ebf6dcde97d03b189ae13d7d9222c75', 'path': "
tables/tab-prio.tex,3,PR01-pathological,5,PR01,"{'bundle': 'EXP-PR01-prioritization-replicated', 'kind': 'path', 'manifest_sha256': '2d83cefce4326afc7549b9386567fd803ebf6dcde97d03b189ae13d7d9222c75', 'path': "
tables/tab-prio.tex,15,PR01-satsa-precision10,1.000,PR01,"{'bundle': 'EXP-PR01-prioritization-replicated', 'kind': 'path', 'manifest_sha256': '2d83cefce4326afc7549b9386567fd803ebf6dcde97d03b189ae13d7d9222c75', 'path': "
tables/tab-prio.tex,15,PR01-satsa-recall20,0.800,PR01,"{'bundle': 'EXP-PR01-prioritization-replicated', 'kind': 'path', 'manifest_sha256': '2d83cefce4326afc7549b9386567fd803ebf6dcde97d03b189ae13d7d9222c75', 'path': "
tables/tab-prio.tex,15,PR01-satsa-ndcg20,1.000,PR01,"{'bundle': 'EXP-PR01-prioritization-replicated', 'kind': 'path', 'manifest_sha256': '2d83cefce4326afc7549b9386567fd803ebf6dcde97d03b189ae13d7d9222c75', 'path': "
tables/tab-prio.tex,15,PR01-satsa-ndcg30,0.869,PR01,"{'bundle': 'EXP-PR01-prioritization-replicated', 'kind': 'path', 'manifest_sha256': '2d83cefce4326afc7549b9386567fd803ebf6dcde97d03b189ae13d7d9222c75', 'path': "
tables/tab-prio.tex,15,PR01-satsa-volume,7.0,PR01,"{'bundle': 'EXP-PR01-prioritization-replicated', 'kind': 'path', 'manifest_sha256': '2d83cefce4326afc7549b9386567fd803ebf6dcde97d03b189ae13d7d9222c75', 'path': "
tables/tab-prio.tex,16,PR01-closure-precision10,1.000,PR01,"{'bundle': 'EXP-PR01-prioritization-replicated', 'kind': 'path', 'manifest_sha256': '2d83cefce4326afc7549b9386567fd803ebf6dcde97d03b189ae13d7d9222c75', 'path': "
tables/tab-prio.tex,16,PR01-closure-recall20,0.600,PR01,"{'bundle': 'EXP-PR01-prioritization-replicated', 'kind': 'path', 'manifest_sha256': '2d83cefce4326afc7549b9386567fd803ebf6dcde97d03b189ae13d7d9222c75', 'path': "
tables/tab-prio.tex,16,PR01-closure-ndcg20,0.832,PR01,"{'bundle': 'EXP-PR01-prioritization-replicated', 'kind': 'path', 'manifest_sha256': '2d83cefce4326afc7549b9386567fd803ebf6dcde97d03b189ae13d7d9222c75', 'path': "
tables/tab-prio.tex,16,PR01-closure-ndcg30,0.837,PR01,"{'bundle': 'EXP-PR01-prioritization-replicated', 'kind': 'path', 'manifest_sha256': '2d83cefce4326afc7549b9386567fd803ebf6dcde97d03b189ae13d7d9222c75', 'path': "
tables/tab-prio.tex,16,PR01-closure-volume,11.5,PR01,"{'bundle': 'EXP-PR01-prioritization-replicated', 'kind': 'path', 'manifest_sha256': '2d83cefce4326afc7549b9386567fd803ebf6dcde97d03b189ae13d7d9222c75', 'path': "
tables/tab-prio.tex,17,PR01-volume-precision10,0.500,PR01,"{'bundle': 'EXP-PR01-prioritization-replicated', 'kind': 'path', 'manifest_sha256': '2d83cefce4326afc7549b9386567fd803ebf6dcde97d03b189ae13d7d9222c75', 'path': "
tables/tab-prio.tex,17,PR01-volume-recall20,0.200,PR01,"{'bundle': 'EXP-PR01-prioritization-replicated', 'kind': 'path', 'manifest_sha256': '2d83cefce4326afc7549b9386567fd803ebf6dcde97d03b189ae13d7d9222c75', 'path': "
tables/tab-prio.tex,17,PR01-volume-ndcg20,0.246,PR01,"{'bundle': 'EXP-PR01-prioritization-replicated', 'kind': 'path', 'manifest_sha256': '2d83cefce4326afc7549b9386567fd803ebf6dcde97d03b189ae13d7d9222c75', 'path': "
tables/tab-prio.tex,17,PR01-volume-ndcg30,0.318,PR01,"{'bundle': 'EXP-PR01-prioritization-replicated', 'kind': 'path', 'manifest_sha256': '2d83cefce4326afc7549b9386567fd803ebf6dcde97d03b189ae13d7d9222c75', 'path': "
tables/tab-prio.tex,17,PR01-volume-volume,18.0,PR01,"{'bundle': 'EXP-PR01-prioritization-replicated', 'kind': 'path', 'manifest_sha256': '2d83cefce4326afc7549b9386567fd803ebf6dcde97d03b189ae13d7d9222c75', 'path': "
tables/tab-prio.tex,18,PR01-random-precision10,0.245,PR01,"{'bundle': 'EXP-PR01-prioritization-replicated', 'kind': 'path', 'manifest_sha256': '2d83cefce4326afc7549b9386567fd803ebf6dcde97d03b189ae13d7d9222c75', 'path': "
tables/tab-prio.tex,18,PR01-random-recall20,0.201,PR01,"{'bundle': 'EXP-PR01-prioritization-replicated', 'kind': 'path', 'manifest_sha256': '2d83cefce4326afc7549b9386567fd803ebf6dcde97d03b189ae13d7d9222c75', 'path': "
tables/tab-prio.tex,18,PR01-random-ndcg20,0.248,PR01,"{'bundle': 'EXP-PR01-prioritization-replicated', 'kind': 'path', 'manifest_sha256': '2d83cefce4326afc7549b9386567fd803ebf6dcde97d03b189ae13d7d9222c75', 'path': "
tables/tab-prio.tex,18,PR01-random-ndcg30,0.276,PR01,"{'bundle': 'EXP-PR01-prioritization-replicated', 'kind': 'path', 'manifest_sha256': '2d83cefce4326afc7549b9386567fd803ebf6dcde97d03b189ae13d7d9222c75', 'path': "
tables/tab-prio.tex,18,PR01-random-volume,17.5,PR01,"{'bundle': 'EXP-PR01-prioritization-replicated', 'kind': 'path', 'manifest_sha256': '2d83cefce4326afc7549b9386567fd803ebf6dcde97d03b189ae13d7d9222c75', 'path': "
tables/tab-robust.tex,4,R01b-match,245,R01b,"{'bundle': 'EXP-R01b-evidence-robustness', 'kind': 'path', 'manifest_sha256': '8a43c01d982b91a5e05ac5044e50c2164395aa8ca5360ed88c19543afb946709', 'path': ['metr"
tables/tab-robust.tex,5,R01b-expect,245,R01b,"{'bundle': 'EXP-R01b-evidence-robustness', 'kind': 'path', 'manifest_sha256': '8a43c01d982b91a5e05ac5044e50c2164395aa8ca5360ed88c19543afb946709', 'path': ['metr"
tables/tab-robust.tex,13,R01b-missingness-n,173,R01b,"{'bundle': 'EXP-R01b-evidence-robustness', 'kind': 'path', 'manifest_sha256': '8a43c01d982b91a5e05ac5044e50c2164395aa8ca5360ed88c19543afb946709', 'path': ['metr"
tables/tab-robust.tex,13,R01b-missingness-invalid,33,R01b,"{'bundle': 'EXP-R01b-evidence-robustness', 'kind': 'path', 'manifest_sha256': '8a43c01d982b91a5e05ac5044e50c2164395aa8ca5360ed88c19543afb946709', 'path': ['metr"
tables/tab-robust.tex,13,R01b-missingness-analysed,140,R01b,"{'bundle': 'EXP-R01b-evidence-robustness', 'kind': 'path', 'manifest_sha256': '8a43c01d982b91a5e05ac5044e50c2164395aa8ca5360ed88c19543afb946709', 'path': ['metr"
tables/tab-robust.tex,13,R01b-missingness-changed,43,R01b,"{'bundle': 'EXP-R01b-evidence-robustness', 'kind': 'path', 'manifest_sha256': '8a43c01d982b91a5e05ac5044e50c2164395aa8ca5360ed88c19543afb946709', 'path': ['metr"
tables/tab-robust.tex,14,R01b-duplication-n,34,R01b,"{'bundle': 'EXP-R01b-evidence-robustness', 'kind': 'path', 'manifest_sha256': '8a43c01d982b91a5e05ac5044e50c2164395aa8ca5360ed88c19543afb946709', 'path': ['metr"
tables/tab-robust.tex,14,R01b-duplication-invalid,25,R01b,"{'bundle': 'EXP-R01b-evidence-robustness', 'kind': 'path', 'manifest_sha256': '8a43c01d982b91a5e05ac5044e50c2164395aa8ca5360ed88c19543afb946709', 'path': ['metr"
tables/tab-robust.tex,14,R01b-duplication-analysed,9,R01b,"{'bundle': 'EXP-R01b-evidence-robustness', 'kind': 'path', 'manifest_sha256': '8a43c01d982b91a5e05ac5044e50c2164395aa8ca5360ed88c19543afb946709', 'path': ['metr"
tables/tab-robust.tex,14,R01b-duplication-changed,5,R01b,"{'bundle': 'EXP-R01b-evidence-robustness', 'kind': 'path', 'manifest_sha256': '8a43c01d982b91a5e05ac5044e50c2164395aa8ca5360ed88c19543afb946709', 'path': ['metr"
tables/tab-robust.tex,15,R01b-malformation-n,15,R01b,"{'bundle': 'EXP-R01b-evidence-robustness', 'kind': 'path', 'manifest_sha256': '8a43c01d982b91a5e05ac5044e50c2164395aa8ca5360ed88c19543afb946709', 'path': ['metr"
tables/tab-robust.tex,15,R01b-malformation-invalid,15,R01b,"{'bundle': 'EXP-R01b-evidence-robustness', 'kind': 'path', 'manifest_sha256': '8a43c01d982b91a5e05ac5044e50c2164395aa8ca5360ed88c19543afb946709', 'path': ['metr"
tables/tab-robust.tex,15,R01b-malformation-analysed,0,R01b,"{'bundle': 'EXP-R01b-evidence-robustness', 'kind': 'path', 'manifest_sha256': '8a43c01d982b91a5e05ac5044e50c2164395aa8ca5360ed88c19543afb946709', 'path': ['metr"
tables/tab-robust.tex,15,R01b-malformation-changed,0,R01b,"{'bundle': 'EXP-R01b-evidence-robustness', 'kind': 'path', 'manifest_sha256': '8a43c01d982b91a5e05ac5044e50c2164395aa8ca5360ed88c19543afb946709', 'path': ['metr"
tables/tab-robust.tex,16,R01b-conflict-n,18,R01b,"{'bundle': 'EXP-R01b-evidence-robustness', 'kind': 'path', 'manifest_sha256': '8a43c01d982b91a5e05ac5044e50c2164395aa8ca5360ed88c19543afb946709', 'path': ['metr"
tables/tab-robust.tex,16,R01b-conflict-invalid,5,R01b,"{'bundle': 'EXP-R01b-evidence-robustness', 'kind': 'path', 'manifest_sha256': '8a43c01d982b91a5e05ac5044e50c2164395aa8ca5360ed88c19543afb946709', 'path': ['metr"
tables/tab-robust.tex,16,R01b-conflict-analysed,13,R01b,"{'bundle': 'EXP-R01b-evidence-robustness', 'kind': 'path', 'manifest_sha256': '8a43c01d982b91a5e05ac5044e50c2164395aa8ca5360ed88c19543afb946709', 'path': ['metr"
tables/tab-robust.tex,16,R01b-conflict-changed,4,R01b,"{'bundle': 'EXP-R01b-evidence-robustness', 'kind': 'path', 'manifest_sha256': '8a43c01d982b91a5e05ac5044e50c2164395aa8ca5360ed88c19543afb946709', 'path': ['metr"
tables/tab-robust.tex,17,R01b-staleness-n,15,R01b,"{'bundle': 'EXP-R01b-evidence-robustness', 'kind': 'path', 'manifest_sha256': '8a43c01d982b91a5e05ac5044e50c2164395aa8ca5360ed88c19543afb946709', 'path': ['metr"
tables/tab-robust.tex,17,R01b-staleness-analysed,15,R01b,"{'bundle': 'EXP-R01b-evidence-robustness', 'kind': 'path', 'manifest_sha256': '8a43c01d982b91a5e05ac5044e50c2164395aa8ca5360ed88c19543afb946709', 'path': ['metr"
tables/tab-robust.tex,17,R01b-staleness-changed,0,R01b,"{'bundle': 'EXP-R01b-evidence-robustness', 'kind': 'path', 'manifest_sha256': '8a43c01d982b91a5e05ac5044e50c2164395aa8ca5360ed88c19543afb946709', 'path': ['metr"
tables/tab-robust.tex,18,R01b-control-n,5,R01b,"{'bundle': 'EXP-R01b-evidence-robustness', 'kind': 'path', 'manifest_sha256': '8a43c01d982b91a5e05ac5044e50c2164395aa8ca5360ed88c19543afb946709', 'path': ['metr"
tables/tab-robust.tex,18,R01b-control-analysed,5,R01b,"{'bundle': 'EXP-R01b-evidence-robustness', 'kind': 'path', 'manifest_sha256': '8a43c01d982b91a5e05ac5044e50c2164395aa8ca5360ed88c19543afb946709', 'path': ['metr"
tables/tab-robust.tex,18,R01b-control-changed,0,R01b,"{'bundle': 'EXP-R01b-evidence-robustness', 'kind': 'path', 'manifest_sha256': '8a43c01d982b91a5e05ac5044e50c2164395aa8ca5360ed88c19543afb946709', 'path': ['metr"
tables/tab-trust.tex,2,T01-detected,13,T01,"{'bundle': 'EXP-T01-trust-mutation-matrix', 'kind': 'path', 'manifest_sha256': 'f20a5c59cb4604919174e28d46ad52e060b67820953e7baccf4d86c1f722e0fc', 'path': ['mut"
tables/tab-trust.tex,3,T01-expected,13,T01,"{'bundle': 'EXP-T01-trust-mutation-matrix', 'kind': 'path', 'manifest_sha256': 'f20a5c59cb4604919174e28d46ad52e060b67820953e7baccf4d86c1f722e0fc', 'path': ['mut"
