worker_removed,precision,recall,f1
(none),0.5556,1.0,0.7143
fast-closure,0.4286,0.6,0.5
ack-without-investigation,0.5556,1.0,0.7143
critical-without-escalation,0.5556,1.0,0.7143
repeated-investigation-pattern,0.5556,1.0,0.7143
recurring-without-remediation,0.7143,1.0,0.8333
potential-metric-gaming,0.5556,1.0,0.7143
negative-space,0.5,0.6,0.5455
anomaly,0.5556,1.0,0.7143
peer-benchmark,0.5556,1.0,0.7143
coverage-gap,0.625,1.0,0.7692
drift,0.5556,1.0,0.7143
cross-entity-insights,0.5556,1.0,0.7143
case-similarity,0.5556,1.0,0.7143
evidence-completeness,0.5,0.8,0.6154
workflow-reconstruction,0.5556,1.0,0.7143
entity-asset-resolution,0.5556,1.0,0.7143
