group,sla_miss_rate,satsa_risk_total_score,incidents,median_resolution_seconds
Group_10,0.749271137026239,46.73,343.0,1448520.0
Group_12,0.8699186991869918,45.68,123.0,1121280.0
Group_13,0.5,40.22,36.0,444150.0
Group_15,0.9827586206896551,38.27,58.0,1930470.0
Group_19,0.21621621621621623,46.15,37.0,37380.0
Group_20,0.583756345177665,38.03,394.0,329310.0
Group_21,0.603448275862069,43.87,58.0,423840.0
Group_22,0.5439330543933054,37.99,239.0,255000.0
Group_23,0.4130702836004932,35.4,811.0,100080.0
Group_24,0.35188679245283017,36.72,1060.0,89820.0
Group_25,0.5720032180209171,34.66,1243.0,402120.0
Group_27,0.416988416988417,43.16,518.0,105480.0
Group_28,0.46422018348623856,36.65,545.0,177120.0
Group_29,0.622568093385214,30.31,257.0,533400.0
Group_3,0.8282828282828283,51.08,99.0,1131900.0
Group_30,0.373134328358209,40.25,268.0,94620.0
Group_31,0.6829268292682927,37.2,205.0,364020.0
Group_33,0.6119402985074627,37.58,201.0,412200.0
Group_34,0.27450980392156865,35.22,51.0,71640.0
Group_37,0.75,31.76,176.0,899160.0
Group_39,0.3119266055045872,48.42,1199.0,67740.0
Group_46,0.29518072289156627,35.48,166.0,13320.0
Group_47,0.3333333333333333,35.33,45.0,92160.0
Group_48,0.5,46.22,162.0,319290.0
Group_49,0.25,41.78,108.0,18810.0
Group_5,0.5214285714285715,42.71,140.0,85500.0
Group_50,0.7450980392156863,33.74,51.0,328140.0
Group_51,0.5526315789473685,39.34,38.0,484260.0
Group_53,0.4838709677419355,37.94,93.0,115680.0
Group_54,0.53,37.22,200.0,272160.0
Group_55,0.3890784982935154,38.22,293.0,27600.0
Group_56,0.39520958083832336,46.43,167.0,100800.0
Group_57,0.6805111821086262,44.02,313.0,601740.0
Group_58,0.352112676056338,38.14,142.0,94590.0
Group_59,0.5681818181818182,34.36,44.0,255240.0
Group_6,0.556420233463035,43.66,257.0,435060.0
Group_61,0.868421052631579,42.29,38.0,2151660.0
Group_62,0.37209302325581395,39.27,43.0,95760.0
Group_64,0.10893854748603352,44.99,716.0,180.0
Group_65,0.5654761904761905,36.02,336.0,284400.0
Group_66,0.6968085106382979,41.11,376.0,747960.0
Group_68,0.5555555555555556,36.17,45.0,339780.0
Group_69,0.3424657534246575,46.42,73.0,6960.0
Group_70,0.16158407454468446,40.45,9444.0,1200.0
Group_72,0.6321525885558583,38.03,367.0,444000.0
Group_73,0.4600694444444444,37.34,576.0,209400.0
Group_74,0.6952380952380952,45.33,105.0,540060.0
Group_75,0.95,35.45,60.0,1991760.0
Group_76,0.582010582010582,43.45,189.0,368460.0
Group_9,0.9791666666666666,23.35,96.0,13879230.0
