mode,interruption_point,trial,recovered,recovery_seconds
direct,analysis_stage_transient,0,True,0.09540809999452904
direct,analysis_stage_transient,1,True,0.7752451999986079
direct,analysis_stage_transient,2,True,0.08986949999234639
direct,analysis_stage_crash,0,True,0.09821809999994002
direct,analysis_stage_crash,1,True,0.08869720000075176
direct,analysis_stage_crash,2,True,0.08965320000424981
direct,recommendations_transient,0,True,0.03267220000270754
direct,recommendations_transient,1,True,0.031801999983144924
direct,recommendations_transient,2,True,0.0321750000002794
direct,worker_restart_at_review,0,True,1.0609399999957532
direct,worker_restart_at_review,1,True,1.3367257999780122
direct,worker_restart_at_review,2,True,1.6059090000053402
direct,finalization_transient,0,True,1.2289968999975827
direct,finalization_transient,1,True,1.198659299989231
direct,finalization_transient,2,True,0.8473775000020396
direct,finalization_crash,0,True,1.6158579000039026
direct,finalization_crash,1,True,0.9227429000020493
direct,finalization_crash,2,True,1.2853345999901649
graph,analysis_stage_transient,0,True,0.12084429999231361
graph,analysis_stage_transient,1,True,0.12615630001528189
graph,analysis_stage_transient,2,True,0.12467240000842139
graph,analysis_stage_crash,0,True,0.123314800002845
graph,analysis_stage_crash,1,True,0.1300653000071179
graph,analysis_stage_crash,2,True,0.12398609999218024
graph,recommendations_transient,0,True,0.05553530002362095
graph,recommendations_transient,1,True,0.05897849999018945
graph,recommendations_transient,2,True,0.0555103000078816
graph,worker_restart_at_review,0,True,0.7757837000244763
graph,worker_restart_at_review,1,True,2.039509399997769
graph,worker_restart_at_review,2,True,1.8570030000119004
graph,finalization_transient,0,True,0.9473243000102229
graph,finalization_transient,1,True,0.9038633999880403
graph,finalization_transient,2,True,1.3465670000005048
graph,finalization_crash,0,True,1.4134005999949295
graph,finalization_crash,1,True,1.1275966999819502
graph,finalization_crash,2,True,1.376388800010318
