spread,cohort_size,subject_closure_seconds,deviation_mad_units,finding_emitted,subject_priority_rank
tight,2,30,,False,1
tight,2,150,,False,1
tight,2,300,,False,1
tight,2,450,,False,1
tight,2,600,,False,2
tight,2,900,,False,2
tight,2,1500,,False,2
tight,2,3000,,False,2
tight,3,30,-9.5,True,1
tight,3,150,-7.5,True,1
tight,3,300,-5.0,True,1
tight,3,450,-2.5,True,1
tight,3,600,,False,2
tight,3,900,5.0,True,1
tight,3,1500,15.0,True,1
tight,3,3000,40.0,True,1
tight,4,30,-14.25,True,1
tight,4,150,-11.25,True,1
tight,4,300,-7.5,True,1
tight,4,450,-3.75,True,1
tight,4,600,,False,4
tight,4,900,7.5,True,1
tight,4,1500,22.5,True,1
tight,4,3000,60.0,True,1
tight,5,30,-19.0,True,1
tight,5,150,-15.0,True,1
tight,5,300,-10.0,True,1
tight,5,450,-5.0,True,1
tight,5,600,,False,5
tight,5,900,10.0,True,1
tight,5,1500,30.0,True,1
tight,5,3000,80.0,True,1
tight,6,30,-15.833333333333334,True,1
tight,6,150,-12.5,True,1
tight,6,300,-8.333333333333334,True,1
tight,6,450,-4.166666666666667,True,1
tight,6,600,,False,7
tight,6,900,8.333333333333334,True,1
tight,6,1500,25.0,True,1
tight,6,3000,66.66666666666667,True,1
tight,8,30,-16.52173913043478,True,1
tight,8,150,-13.043478260869565,True,1
tight,8,300,-8.695652173913043,True,1
tight,8,450,-4.3478260869565215,True,1
tight,8,600,,False,9
tight,8,900,8.695652173913043,True,1
tight,8,1500,26.08695652173913,True,1
tight,8,3000,69.56521739130434,True,1
wide,2,30,,False,1
wide,2,150,,False,1
wide,2,300,,False,2
wide,2,450,,False,2
wide,2,600,,False,2
wide,2,900,,False,2
wide,2,1500,,False,2
wide,2,3000,,False,2
wide,3,30,,False,1
wide,3,150,,False,1
wide,3,300,,False,2
wide,3,450,,False,2
wide,3,600,,False,2
wide,3,900,,False,2
wide,3,1500,2.0,True,1
wide,3,3000,5.333333333333333,True,1
wide,4,30,,False,2
wide,4,150,,False,2
wide,4,300,,False,3
wide,4,450,,False,3
wide,4,600,,False,4
wide,4,900,,False,4
wide,4,1500,3.0,True,1
wide,4,3000,8.0,True,1
wide,5,30,-2.533333333333333,True,1
wide,5,150,-2.0,True,1
wide,5,300,,False,4
wide,5,450,,False,5
wide,5,600,,False,5
wide,5,900,,False,5
wide,5,1500,4.0,True,1
wide,5,3000,10.666666666666666,True,1
wide,6,30,-2.111111111111111,True,1
wide,6,150,,False,4
wide,6,300,,False,5
wide,6,450,,False,6
wide,6,600,,False,7
wide,6,900,,False,7
wide,6,1500,3.3333333333333335,True,1
wide,6,3000,8.88888888888889,True,1
wide,8,30,-2.217898832684825,True,1
wide,8,150,,False,6
wide,8,300,,False,8
wide,8,450,,False,9
wide,8,600,,False,9
wide,8,900,,False,9
wide,8,1500,3.501945525291829,True,1
wide,8,3000,9.33852140077821,True,1
