prior_approach,domain,operational_evidence,workflow_analysis,cross_entity_analysis,negative_space_analysis,risk_prioritization,human_review,provenance,cryptographic_decision_binding,pqc,reproducibility,evaluation_type,satsa_overlap,satsa_distinction
"SOC-CMM (vanos2016soccmm)",SOC capability maturity,no (self-assessment questionnaire),no,partial (maturity scores comparable across SOCs),no,no (maturity levels),yes (assessor answers),no,no,no,tool published,validation with SOCs,Both assess SOC quality for improvement or oversight,SAT-SA computes findings from submitted records instead of self-reported answers
"CTI-SOC2M2 (schlette2021ctisoc2m2)",SOC / incident response maturity,no (capability assessment),no,not determinable,no,no,yes (assessor),no,no,no,not determinable,not determinable from sources consulted,Assessment of SOC and incident-response capability,Maturity model vs record-level analytics
"Analyst performance measurement (agyepong2023analyst)",SOC analyst performance,partial (performance indicators),no,no,no,no,yes (Delphi experts weight indicators),no,no,no,not determinable,evaluation of the measurement method,Quantifies quality of SOC work,Analyst-level metric for SOC management vs entity-level supervision
"Technical SOC metrics (forsberg2023metrics)",SOC performance metrics,partial (metrics defined over SOC data),no,no,no,no,not stated,no,no,no,not determinable,design-science validation (four metrics),Metrics over SOC operation,Metric framework; no analytics system or findings
"SAIBERSOC (rosso2020saibersoc)",SOC performance evaluation,yes (outputs of a real SOC under injected attacks),partial (time-to-investigation),yes (compares SOC configurations),no,no,yes (analysts in the experiment),no,no,no,tool released open source,controlled experiment n = 124 students on real SOC infrastructure,Empirical evaluation of SOC performance,Active attack injection vs passive analysis of submitted records; SAT-SA has no human-subject evaluation
"DomainPrio (chiba2022domainprio)",SOC investigation efficiency,yes (production investigation records),partial (repeated investigations),no (one SOC),partial (incomplete investigations),yes (domains to prioritise),yes (analysts),no,no,no,not determinable,observational study (24 weeks) + production evaluation (100 days),Population-level analysis of SOC work records,Within-SOC efficiency tool; SAT-SA is supervisor-side across organisations
"Incident-management compliance assessment (palma2024compliance; palma2024benchimp)",Incident-management process compliance (ITIL / ISO 27035),yes (incident-management event log),yes (trace alignment against reference model),not determinable,partial (trace alignment can expose skipped activities; not verified in full text),yes (cost model prioritises deviations),yes (supports an auditor),partial (deviations traced to process traces),no,no,open-source code and public benchmark,benchmark validation + usage scenario on a public real log,"Closest prior work: automated, record-based assessment of incident handling for an auditor, with prioritisation",SAT-SA adds cross-entity peer comparison and entity risk ranking over SOC evidence categories and binds the decision cryptographically; SAT-SA uses rule-encoded checks rather than model-based alignment
"Process mining for ITIL incident management (ferreira2008itil)",IT incident management,yes (event log),yes (conformance to ITIL),no,partial,no,yes (analyst),no,no,no,not determinable,case study,Record-based assessment of incident handling,ITSM not SOC; no supervisory ranking or decision binding
"SLA factor modelling on UCI log (swain2022sla)",IT incident SLA,yes (UCI-498 event log),no (incident-level features),no,no,partial (predicts SLA miss),no,no,no,no,public dataset,predictive-model comparison,Same external dataset as SAT-SA's X02b,Predicts SLA directly; SAT-SA was not built for SLA and did not track it
"IR process knowledge graph (galadima2026irgraph)",Incident-response process analysis,yes (IR tool logs and communications),yes,no,not determinable,no,yes (responders),partial (links events and artefacts),no,no,not determinable,not determinable from abstract,Record-level analysis of IR workflow evidence,Descriptive representation; no supervisory findings or bound decision
"Alert prioritisation (jalalvand2024prioritisation; shah2019alertselection; hassan2019nodoze; jalalvand2025l2d)",SOC alert triage,yes (alerts; provenance graphs),partial,no,no,yes (alerts/incidents),yes (analysts; learning to defer),partial (NoDoze uses provenance),no,no,varies,benchmarks / production data / public IDS datasets,Prioritisation for limited human attention,Unit is alert/incident for an analyst; SAT-SA ranks monitored organisations for a supervisor
"Peer group analysis (weston2008pga)",Fraud detection,yes (transaction data),no,yes (peer groups),no,partial (flags divergent entities),no,no,no,no,not determinable,real transaction data,Peer comparison of entities,SAT-SA uses declared cohorts with a minimum size and median/MAD rule; P01 shows its sensitivity
"SupTech (broeders2018suptech)",Financial supervision,yes (regulatory reporting),no,yes (across supervised entities),no,partial,yes (supervisors),no,no,no,no,survey of early users,Supervisor-side technology over submitted data,Financial not SOC; no record-level SOC findings
"Tamper-evident logging (schneier1999logs; crosby2009logging; paccagnella2020custos; guardiola2022sealfs)",Audit-log integrity,n/a,no,no,no,no,no,yes (log history),partial (signed or hash-linked log entries; not supervisory decisions),no,varies (Custos/SealFS implemented and evaluated),security analysis + performance evaluation,Detects alteration of recorded history,SAT-SA binds one canonical supervisory document to an authorised decision; it does not propose a logging scheme
"Post-quantum tamper-evident logging (fugkeaw2026pqabl)",Cloud forensic logging,n/a,no,no,no,no,no,yes,partial (integrity of log records),yes (lattice-based CP-ABE),not determinable,not determinable from abstract,PQ primitives for audit integrity,SAT-SA uses a standard PQ signature (ML-DSA-65) over a decision document; no access control or blockchain anchoring
"SAT-SA (this work)",SOC supervision from submitted records,yes (alerts; cases; steps; escalations; dispositions; assets),partial (rule-encoded execution-gap and absence checks; no process model),yes (declared peer cohorts),yes (rule-encoded absence checks),yes (entity risk from 7 dimensions),yes (required supervisory decision; no user study),yes (per-record source provenance),yes (SHA3-256 + ML-DSA-65 receipt bound to decision; hash-chained ledger),yes (ML-DSA-65),frozen hash-verified bundles; levels 1-3 and 5 demonstrated,controlled experiments + external IT incident log (negative result),—,Limitations: construction labels; own generator; no SOC data; no human study; closure-speed baseline comparable; external risk not associated with SLA misses
