metric,value
performance.total_elapsed_seconds,390.651252
population_level.full.ndcg@20%.max,1.0
population_level.full.ndcg@20%.mean,0.966374
population_level.full.ndcg@20%.median,1.0
population_level.full.ndcg@20%.min,0.831872
population_level.full.ndcg@20%.n,5
population_level.full.ndcg@20%.p95,null
population_level.full.precision@20%.max,1.0
population_level.full.precision@20%.mean,0.95
population_level.full.precision@20%.median,1.0
population_level.full.precision@20%.min,0.75
population_level.full.precision@20%.n,5
population_level.full.precision@20%.p95,null
population_level.full.recall@20%.max,0.8
population_level.full.recall@20%.mean,0.76
population_level.full.recall@20%.median,0.8
population_level.full.recall@20%.min,0.6
population_level.full.recall@20%.n,5
population_level.full.recall@20%.p95,null
population_level.k_percent,20
population_level.n_entities,20
population_level.n_pathological,5
population_level.seeds[0],300
population_level.seeds[1],301
population_level.seeds[2],302
population_level.seeds[3],303
population_level.seeds[4],304
population_level.workers[0].comparisons.ndcg@20%.baseline.max,1.0
population_level.workers[0].comparisons.ndcg@20%.baseline.mean,0.966374
population_level.workers[0].comparisons.ndcg@20%.baseline.median,1.0
population_level.workers[0].comparisons.ndcg@20%.baseline.min,0.831872
population_level.workers[0].comparisons.ndcg@20%.baseline.n,5
population_level.workers[0].comparisons.ndcg@20%.baseline.p95,null
population_level.workers[0].comparisons.ndcg@20%.median_difference,-0.168128
population_level.workers[0].comparisons.ndcg@20%.median_difference_interval,null
population_level.workers[0].comparisons.ndcg@20%.n_pairs,5
population_level.workers[0].comparisons.ndcg@20%.relative_median_difference,-0.168128
population_level.workers[0].comparisons.ndcg@20%.relative_note,null
population_level.workers[0].comparisons.ndcg@20%.treatment.max,1.0
population_level.workers[0].comparisons.ndcg@20%.treatment.mean,0.821047
population_level.workers[0].comparisons.ndcg@20%.treatment.median,0.831872
population_level.workers[0].comparisons.ndcg@20%.treatment.min,0.636682
population_level.workers[0].comparisons.ndcg@20%.treatment.n,5
population_level.workers[0].comparisons.ndcg@20%.treatment.p95,null
population_level.workers[0].comparisons.ndcg@20%.treatment_greater_in_pairs,0
population_level.workers[0].comparisons.precision@20%.baseline.max,1.0
population_level.workers[0].comparisons.precision@20%.baseline.mean,0.95
population_level.workers[0].comparisons.precision@20%.baseline.median,1.0
population_level.workers[0].comparisons.precision@20%.baseline.min,0.75
population_level.workers[0].comparisons.precision@20%.baseline.n,5
population_level.workers[0].comparisons.precision@20%.baseline.p95,null
population_level.workers[0].comparisons.precision@20%.median_difference,-0.25
population_level.workers[0].comparisons.precision@20%.median_difference_interval,null
population_level.workers[0].comparisons.precision@20%.n_pairs,5
population_level.workers[0].comparisons.precision@20%.relative_median_difference,-0.25
population_level.workers[0].comparisons.precision@20%.relative_note,null
population_level.workers[0].comparisons.precision@20%.treatment.max,1.0
population_level.workers[0].comparisons.precision@20%.treatment.mean,0.75
population_level.workers[0].comparisons.precision@20%.treatment.median,0.75
population_level.workers[0].comparisons.precision@20%.treatment.min,0.5
population_level.workers[0].comparisons.precision@20%.treatment.n,5
population_level.workers[0].comparisons.precision@20%.treatment.p95,null
population_level.workers[0].comparisons.precision@20%.treatment_greater_in_pairs,0
population_level.workers[0].comparisons.recall@20%.baseline.max,0.8
population_level.workers[0].comparisons.recall@20%.baseline.mean,0.76
population_level.workers[0].comparisons.recall@20%.baseline.median,0.8
population_level.workers[0].comparisons.recall@20%.baseline.min,0.6
population_level.workers[0].comparisons.recall@20%.baseline.n,5
population_level.workers[0].comparisons.recall@20%.baseline.p95,null
population_level.workers[0].comparisons.recall@20%.median_difference,-0.2
population_level.workers[0].comparisons.recall@20%.median_difference_interval,null
population_level.workers[0].comparisons.recall@20%.n_pairs,5
population_level.workers[0].comparisons.recall@20%.relative_median_difference,-0.25
population_level.workers[0].comparisons.recall@20%.relative_note,null
population_level.workers[0].comparisons.recall@20%.treatment.max,0.8
population_level.workers[0].comparisons.recall@20%.treatment.mean,0.6
population_level.workers[0].comparisons.recall@20%.treatment.median,0.6
population_level.workers[0].comparisons.recall@20%.treatment.min,0.4
population_level.workers[0].comparisons.recall@20%.treatment.n,5
population_level.workers[0].comparisons.recall@20%.treatment.p95,null
population_level.workers[0].comparisons.recall@20%.treatment_greater_in_pairs,0
population_level.workers[1].comparisons.ndcg@20%.baseline.max,1.0
population_level.workers[1].comparisons.ndcg@20%.baseline.mean,0.966374
population_level.workers[1].comparisons.ndcg@20%.baseline.median,1.0
population_level.workers[1].comparisons.ndcg@20%.baseline.min,0.831872
population_level.workers[1].comparisons.ndcg@20%.baseline.n,5
population_level.workers[1].comparisons.ndcg@20%.baseline.p95,null
population_level.workers[1].comparisons.ndcg@20%.median_difference,0.0
population_level.workers[1].comparisons.ndcg@20%.median_difference_interval,null
population_level.workers[1].comparisons.ndcg@20%.n_pairs,5
population_level.workers[1].comparisons.ndcg@20%.relative_median_difference,0.0
population_level.workers[1].comparisons.ndcg@20%.relative_note,null
population_level.workers[1].comparisons.ndcg@20%.treatment.max,1.0
population_level.workers[1].comparisons.ndcg@20%.treatment.mean,0.966374
population_level.workers[1].comparisons.ndcg@20%.treatment.median,1.0
population_level.workers[1].comparisons.ndcg@20%.treatment.min,0.831872
population_level.workers[1].comparisons.ndcg@20%.treatment.n,5
population_level.workers[1].comparisons.ndcg@20%.treatment.p95,null
population_level.workers[1].comparisons.ndcg@20%.treatment_greater_in_pairs,0
population_level.workers[1].comparisons.precision@20%.baseline.max,1.0
population_level.workers[1].comparisons.precision@20%.baseline.mean,0.95
population_level.workers[1].comparisons.precision@20%.baseline.median,1.0
population_level.workers[1].comparisons.precision@20%.baseline.min,0.75
population_level.workers[1].comparisons.precision@20%.baseline.n,5
population_level.workers[1].comparisons.precision@20%.baseline.p95,null
population_level.workers[1].comparisons.precision@20%.median_difference,0.0
population_level.workers[1].comparisons.precision@20%.median_difference_interval,null
population_level.workers[1].comparisons.precision@20%.n_pairs,5
population_level.workers[1].comparisons.precision@20%.relative_median_difference,0.0
population_level.workers[1].comparisons.precision@20%.relative_note,null
population_level.workers[1].comparisons.precision@20%.treatment.max,1.0
population_level.workers[1].comparisons.precision@20%.treatment.mean,0.95
population_level.workers[1].comparisons.precision@20%.treatment.median,1.0
population_level.workers[1].comparisons.precision@20%.treatment.min,0.75
population_level.workers[1].comparisons.precision@20%.treatment.n,5
population_level.workers[1].comparisons.precision@20%.treatment.p95,null
population_level.workers[1].comparisons.precision@20%.treatment_greater_in_pairs,0
population_level.workers[1].comparisons.recall@20%.baseline.max,0.8
population_level.workers[1].comparisons.recall@20%.baseline.mean,0.76
population_level.workers[1].comparisons.recall@20%.baseline.median,0.8
population_level.workers[1].comparisons.recall@20%.baseline.min,0.6
population_level.workers[1].comparisons.recall@20%.baseline.n,5
population_level.workers[1].comparisons.recall@20%.baseline.p95,null
population_level.workers[1].comparisons.recall@20%.median_difference,0.0
population_level.workers[1].comparisons.recall@20%.median_difference_interval,null
population_level.workers[1].comparisons.recall@20%.n_pairs,5
population_level.workers[1].comparisons.recall@20%.relative_median_difference,0.0
population_level.workers[1].comparisons.recall@20%.relative_note,null
population_level.workers[1].comparisons.recall@20%.treatment.max,0.8
population_level.workers[1].comparisons.recall@20%.treatment.mean,0.76
population_level.workers[1].comparisons.recall@20%.treatment.median,0.8
population_level.workers[1].comparisons.recall@20%.treatment.min,0.6
population_level.workers[1].comparisons.recall@20%.treatment.n,5
population_level.workers[1].comparisons.recall@20%.treatment.p95,null
population_level.workers[1].comparisons.recall@20%.treatment_greater_in_pairs,0
population_level.workers[2].comparisons.ndcg@20%.baseline.max,1.0
population_level.workers[2].comparisons.ndcg@20%.baseline.mean,0.966374
population_level.workers[2].comparisons.ndcg@20%.baseline.median,1.0
population_level.workers[2].comparisons.ndcg@20%.baseline.min,0.831872
population_level.workers[2].comparisons.ndcg@20%.baseline.n,5
population_level.workers[2].comparisons.ndcg@20%.baseline.p95,null
population_level.workers[2].comparisons.ndcg@20%.median_difference,0.0
population_level.workers[2].comparisons.ndcg@20%.median_difference_interval,null
population_level.workers[2].comparisons.ndcg@20%.n_pairs,5
population_level.workers[2].comparisons.ndcg@20%.relative_median_difference,0.0
population_level.workers[2].comparisons.ndcg@20%.relative_note,null
population_level.workers[2].comparisons.ndcg@20%.treatment.max,1.0
population_level.workers[2].comparisons.ndcg@20%.treatment.mean,0.966374
population_level.workers[2].comparisons.ndcg@20%.treatment.median,1.0
population_level.workers[2].comparisons.ndcg@20%.treatment.min,0.831872
population_level.workers[2].comparisons.ndcg@20%.treatment.n,5
population_level.workers[2].comparisons.ndcg@20%.treatment.p95,null
population_level.workers[2].comparisons.ndcg@20%.treatment_greater_in_pairs,0
population_level.workers[2].comparisons.precision@20%.baseline.max,1.0
population_level.workers[2].comparisons.precision@20%.baseline.mean,0.95
population_level.workers[2].comparisons.precision@20%.baseline.median,1.0
population_level.workers[2].comparisons.precision@20%.baseline.min,0.75
population_level.workers[2].comparisons.precision@20%.baseline.n,5
population_level.workers[2].comparisons.precision@20%.baseline.p95,null
population_level.workers[2].comparisons.precision@20%.median_difference,0.0
population_level.workers[2].comparisons.precision@20%.median_difference_interval,null
population_level.workers[2].comparisons.precision@20%.n_pairs,5
population_level.workers[2].comparisons.precision@20%.relative_median_difference,0.0
population_level.workers[2].comparisons.precision@20%.relative_note,null
population_level.workers[2].comparisons.precision@20%.treatment.max,1.0
population_level.workers[2].comparisons.precision@20%.treatment.mean,0.95
population_level.workers[2].comparisons.precision@20%.treatment.median,1.0
population_level.workers[2].comparisons.precision@20%.treatment.min,0.75
population_level.workers[2].comparisons.precision@20%.treatment.n,5
population_level.workers[2].comparisons.precision@20%.treatment.p95,null
population_level.workers[2].comparisons.precision@20%.treatment_greater_in_pairs,0
population_level.workers[2].comparisons.recall@20%.baseline.max,0.8
population_level.workers[2].comparisons.recall@20%.baseline.mean,0.76
population_level.workers[2].comparisons.recall@20%.baseline.median,0.8
population_level.workers[2].comparisons.recall@20%.baseline.min,0.6
population_level.workers[2].comparisons.recall@20%.baseline.n,5
population_level.workers[2].comparisons.recall@20%.baseline.p95,null
population_level.workers[2].comparisons.recall@20%.median_difference,0.0
population_level.workers[2].comparisons.recall@20%.median_difference_interval,null
population_level.workers[2].comparisons.recall@20%.n_pairs,5
population_level.workers[2].comparisons.recall@20%.relative_median_difference,0.0
population_level.workers[2].comparisons.recall@20%.relative_note,null
population_level.workers[2].comparisons.recall@20%.treatment.max,0.8
population_level.workers[2].comparisons.recall@20%.treatment.mean,0.76
population_level.workers[2].comparisons.recall@20%.treatment.median,0.8
population_level.workers[2].comparisons.recall@20%.treatment.min,0.6
population_level.workers[2].comparisons.recall@20%.treatment.n,5
population_level.workers[2].comparisons.recall@20%.treatment.p95,null
population_level.workers[2].comparisons.recall@20%.treatment_greater_in_pairs,0
population_level.workers[3].comparisons.ndcg@20%.baseline.max,1.0
population_level.workers[3].comparisons.ndcg@20%.baseline.mean,0.966374
population_level.workers[3].comparisons.ndcg@20%.baseline.median,1.0
population_level.workers[3].comparisons.ndcg@20%.baseline.min,0.831872
population_level.workers[3].comparisons.ndcg@20%.baseline.n,5
population_level.workers[3].comparisons.ndcg@20%.baseline.p95,null
population_level.workers[3].comparisons.ndcg@20%.median_difference,0.0
population_level.workers[3].comparisons.ndcg@20%.median_difference_interval,null
population_level.workers[3].comparisons.ndcg@20%.n_pairs,5
population_level.workers[3].comparisons.ndcg@20%.relative_median_difference,0.0
population_level.workers[3].comparisons.ndcg@20%.relative_note,null
population_level.workers[3].comparisons.ndcg@20%.treatment.max,1.0
population_level.workers[3].comparisons.ndcg@20%.treatment.mean,0.966374
population_level.workers[3].comparisons.ndcg@20%.treatment.median,1.0
population_level.workers[3].comparisons.ndcg@20%.treatment.min,0.831872
population_level.workers[3].comparisons.ndcg@20%.treatment.n,5
population_level.workers[3].comparisons.ndcg@20%.treatment.p95,null
population_level.workers[3].comparisons.ndcg@20%.treatment_greater_in_pairs,0
population_level.workers[3].comparisons.precision@20%.baseline.max,1.0
population_level.workers[3].comparisons.precision@20%.baseline.mean,0.95
population_level.workers[3].comparisons.precision@20%.baseline.median,1.0
population_level.workers[3].comparisons.precision@20%.baseline.min,0.75
population_level.workers[3].comparisons.precision@20%.baseline.n,5
population_level.workers[3].comparisons.precision@20%.baseline.p95,null
population_level.workers[3].comparisons.precision@20%.median_difference,0.0
population_level.workers[3].comparisons.precision@20%.median_difference_interval,null
population_level.workers[3].comparisons.precision@20%.n_pairs,5
population_level.workers[3].comparisons.precision@20%.relative_median_difference,0.0
population_level.workers[3].comparisons.precision@20%.relative_note,null
population_level.workers[3].comparisons.precision@20%.treatment.max,1.0
population_level.workers[3].comparisons.precision@20%.treatment.mean,0.95
population_level.workers[3].comparisons.precision@20%.treatment.median,1.0
population_level.workers[3].comparisons.precision@20%.treatment.min,0.75
population_level.workers[3].comparisons.precision@20%.treatment.n,5
population_level.workers[3].comparisons.precision@20%.treatment.p95,null
population_level.workers[3].comparisons.precision@20%.treatment_greater_in_pairs,0
population_level.workers[3].comparisons.recall@20%.baseline.max,0.8
population_level.workers[3].comparisons.recall@20%.baseline.mean,0.76
population_level.workers[3].comparisons.recall@20%.baseline.median,0.8
population_level.workers[3].comparisons.recall@20%.baseline.min,0.6
population_level.workers[3].comparisons.recall@20%.baseline.n,5
population_level.workers[3].comparisons.recall@20%.baseline.p95,null
population_level.workers[3].comparisons.recall@20%.median_difference,0.0
population_level.workers[3].comparisons.recall@20%.median_difference_interval,null
population_level.workers[3].comparisons.recall@20%.n_pairs,5
population_level.workers[3].comparisons.recall@20%.relative_median_difference,0.0
population_level.workers[3].comparisons.recall@20%.relative_note,null
population_level.workers[3].comparisons.recall@20%.treatment.max,0.8
population_level.workers[3].comparisons.recall@20%.treatment.mean,0.76
population_level.workers[3].comparisons.recall@20%.treatment.median,0.8
population_level.workers[3].comparisons.recall@20%.treatment.min,0.6
population_level.workers[3].comparisons.recall@20%.treatment.n,5
population_level.workers[3].comparisons.recall@20%.treatment.p95,null
population_level.workers[3].comparisons.recall@20%.treatment_greater_in_pairs,0
population_level.workers[4].comparisons.ndcg@20%.baseline.max,1.0
population_level.workers[4].comparisons.ndcg@20%.baseline.mean,0.966374
population_level.workers[4].comparisons.ndcg@20%.baseline.median,1.0
population_level.workers[4].comparisons.ndcg@20%.baseline.min,0.831872
population_level.workers[4].comparisons.ndcg@20%.baseline.n,5
population_level.workers[4].comparisons.ndcg@20%.baseline.p95,null
population_level.workers[4].comparisons.ndcg@20%.median_difference,0.0
population_level.workers[4].comparisons.ndcg@20%.median_difference_interval,null
population_level.workers[4].comparisons.ndcg@20%.n_pairs,5
population_level.workers[4].comparisons.ndcg@20%.relative_median_difference,0.0
population_level.workers[4].comparisons.ndcg@20%.relative_note,null
population_level.workers[4].comparisons.ndcg@20%.treatment.max,1.0
population_level.workers[4].comparisons.ndcg@20%.treatment.mean,1.0
population_level.workers[4].comparisons.ndcg@20%.treatment.median,1.0
population_level.workers[4].comparisons.ndcg@20%.treatment.min,1.0
population_level.workers[4].comparisons.ndcg@20%.treatment.n,5
population_level.workers[4].comparisons.ndcg@20%.treatment.p95,null
population_level.workers[4].comparisons.ndcg@20%.treatment_greater_in_pairs,1
population_level.workers[4].comparisons.precision@20%.baseline.max,1.0
population_level.workers[4].comparisons.precision@20%.baseline.mean,0.95
population_level.workers[4].comparisons.precision@20%.baseline.median,1.0
population_level.workers[4].comparisons.precision@20%.baseline.min,0.75
population_level.workers[4].comparisons.precision@20%.baseline.n,5
population_level.workers[4].comparisons.precision@20%.baseline.p95,null
population_level.workers[4].comparisons.precision@20%.median_difference,0.0
population_level.workers[4].comparisons.precision@20%.median_difference_interval,null
population_level.workers[4].comparisons.precision@20%.n_pairs,5
population_level.workers[4].comparisons.precision@20%.relative_median_difference,0.0
population_level.workers[4].comparisons.precision@20%.relative_note,null
population_level.workers[4].comparisons.precision@20%.treatment.max,1.0
population_level.workers[4].comparisons.precision@20%.treatment.mean,1.0
population_level.workers[4].comparisons.precision@20%.treatment.median,1.0
population_level.workers[4].comparisons.precision@20%.treatment.min,1.0
population_level.workers[4].comparisons.precision@20%.treatment.n,5
population_level.workers[4].comparisons.precision@20%.treatment.p95,null
population_level.workers[4].comparisons.precision@20%.treatment_greater_in_pairs,1
population_level.workers[4].comparisons.recall@20%.baseline.max,0.8
population_level.workers[4].comparisons.recall@20%.baseline.mean,0.76
population_level.workers[4].comparisons.recall@20%.baseline.median,0.8
population_level.workers[4].comparisons.recall@20%.baseline.min,0.6
population_level.workers[4].comparisons.recall@20%.baseline.n,5
population_level.workers[4].comparisons.recall@20%.baseline.p95,null
population_level.workers[4].comparisons.recall@20%.median_difference,0.0
population_level.workers[4].comparisons.recall@20%.median_difference_interval,null
population_level.workers[4].comparisons.recall@20%.n_pairs,5
population_level.workers[4].comparisons.recall@20%.relative_median_difference,0.0
population_level.workers[4].comparisons.recall@20%.relative_note,null
population_level.workers[4].comparisons.recall@20%.treatment.max,0.8
population_level.workers[4].comparisons.recall@20%.treatment.mean,0.8
population_level.workers[4].comparisons.recall@20%.treatment.median,0.8
population_level.workers[4].comparisons.recall@20%.treatment.min,0.8
population_level.workers[4].comparisons.recall@20%.treatment.n,5
population_level.workers[4].comparisons.recall@20%.treatment.p95,null
population_level.workers[4].comparisons.recall@20%.treatment_greater_in_pairs,1
population_level.workers[5].comparisons.ndcg@20%.baseline.max,1.0
population_level.workers[5].comparisons.ndcg@20%.baseline.mean,0.966374
population_level.workers[5].comparisons.ndcg@20%.baseline.median,1.0
population_level.workers[5].comparisons.ndcg@20%.baseline.min,0.831872
population_level.workers[5].comparisons.ndcg@20%.baseline.n,5
population_level.workers[5].comparisons.ndcg@20%.baseline.p95,null
population_level.workers[5].comparisons.ndcg@20%.median_difference,0.0
population_level.workers[5].comparisons.ndcg@20%.median_difference_interval,null
population_level.workers[5].comparisons.ndcg@20%.n_pairs,5
population_level.workers[5].comparisons.ndcg@20%.relative_median_difference,0.0
population_level.workers[5].comparisons.ndcg@20%.relative_note,null
population_level.workers[5].comparisons.ndcg@20%.treatment.max,1.0
population_level.workers[5].comparisons.ndcg@20%.treatment.mean,0.966374
population_level.workers[5].comparisons.ndcg@20%.treatment.median,1.0
population_level.workers[5].comparisons.ndcg@20%.treatment.min,0.831872
population_level.workers[5].comparisons.ndcg@20%.treatment.n,5
population_level.workers[5].comparisons.ndcg@20%.treatment.p95,null
population_level.workers[5].comparisons.ndcg@20%.treatment_greater_in_pairs,0
population_level.workers[5].comparisons.precision@20%.baseline.max,1.0
population_level.workers[5].comparisons.precision@20%.baseline.mean,0.95
population_level.workers[5].comparisons.precision@20%.baseline.median,1.0
population_level.workers[5].comparisons.precision@20%.baseline.min,0.75
population_level.workers[5].comparisons.precision@20%.baseline.n,5
population_level.workers[5].comparisons.precision@20%.baseline.p95,null
population_level.workers[5].comparisons.precision@20%.median_difference,0.0
population_level.workers[5].comparisons.precision@20%.median_difference_interval,null
population_level.workers[5].comparisons.precision@20%.n_pairs,5
population_level.workers[5].comparisons.precision@20%.relative_median_difference,0.0
population_level.workers[5].comparisons.precision@20%.relative_note,null
population_level.workers[5].comparisons.precision@20%.treatment.max,1.0
population_level.workers[5].comparisons.precision@20%.treatment.mean,0.95
population_level.workers[5].comparisons.precision@20%.treatment.median,1.0
population_level.workers[5].comparisons.precision@20%.treatment.min,0.75
population_level.workers[5].comparisons.precision@20%.treatment.n,5
population_level.workers[5].comparisons.precision@20%.treatment.p95,null
population_level.workers[5].comparisons.precision@20%.treatment_greater_in_pairs,0
population_level.workers[5].comparisons.recall@20%.baseline.max,0.8
population_level.workers[5].comparisons.recall@20%.baseline.mean,0.76
population_level.workers[5].comparisons.recall@20%.baseline.median,0.8
population_level.workers[5].comparisons.recall@20%.baseline.min,0.6
population_level.workers[5].comparisons.recall@20%.baseline.n,5
population_level.workers[5].comparisons.recall@20%.baseline.p95,null
population_level.workers[5].comparisons.recall@20%.median_difference,0.0
population_level.workers[5].comparisons.recall@20%.median_difference_interval,null
population_level.workers[5].comparisons.recall@20%.n_pairs,5
population_level.workers[5].comparisons.recall@20%.relative_median_difference,0.0
population_level.workers[5].comparisons.recall@20%.relative_note,null
population_level.workers[5].comparisons.recall@20%.treatment.max,0.8
population_level.workers[5].comparisons.recall@20%.treatment.mean,0.76
population_level.workers[5].comparisons.recall@20%.treatment.median,0.8
population_level.workers[5].comparisons.recall@20%.treatment.min,0.6
population_level.workers[5].comparisons.recall@20%.treatment.n,5
population_level.workers[5].comparisons.recall@20%.treatment.p95,null
population_level.workers[5].comparisons.recall@20%.treatment_greater_in_pairs,0
population_level.workers[6].comparisons.ndcg@20%.baseline.max,1.0
population_level.workers[6].comparisons.ndcg@20%.baseline.mean,0.966374
population_level.workers[6].comparisons.ndcg@20%.baseline.median,1.0
population_level.workers[6].comparisons.ndcg@20%.baseline.min,0.831872
population_level.workers[6].comparisons.ndcg@20%.baseline.n,5
population_level.workers[6].comparisons.ndcg@20%.baseline.p95,null
population_level.workers[6].comparisons.ndcg@20%.median_difference,-0.027062
population_level.workers[6].comparisons.ndcg@20%.median_difference_interval,null
population_level.workers[6].comparisons.ndcg@20%.n_pairs,5
population_level.workers[6].comparisons.ndcg@20%.relative_median_difference,-0.027062
population_level.workers[6].comparisons.ndcg@20%.relative_note,null
population_level.workers[6].comparisons.ndcg@20%.treatment.max,1.0
population_level.workers[6].comparisons.ndcg@20%.treatment.mean,0.854673
population_level.workers[6].comparisons.ndcg@20%.treatment.median,0.831872
population_level.workers[6].comparisons.ndcg@20%.treatment.min,0.636682
population_level.workers[6].comparisons.ndcg@20%.treatment.n,5
population_level.workers[6].comparisons.ndcg@20%.treatment.p95,null
population_level.workers[6].comparisons.ndcg@20%.treatment_greater_in_pairs,0
population_level.workers[6].comparisons.precision@20%.baseline.max,1.0
population_level.workers[6].comparisons.precision@20%.baseline.mean,0.95
population_level.workers[6].comparisons.precision@20%.baseline.median,1.0
population_level.workers[6].comparisons.precision@20%.baseline.min,0.75
population_level.workers[6].comparisons.precision@20%.baseline.n,5
population_level.workers[6].comparisons.precision@20%.baseline.p95,null
population_level.workers[6].comparisons.precision@20%.median_difference,0.0
population_level.workers[6].comparisons.precision@20%.median_difference_interval,null
population_level.workers[6].comparisons.precision@20%.n_pairs,5
population_level.workers[6].comparisons.precision@20%.relative_median_difference,0.0
population_level.workers[6].comparisons.precision@20%.relative_note,null
population_level.workers[6].comparisons.precision@20%.treatment.max,1.0
population_level.workers[6].comparisons.precision@20%.treatment.mean,0.8
population_level.workers[6].comparisons.precision@20%.treatment.median,0.75
population_level.workers[6].comparisons.precision@20%.treatment.min,0.5
population_level.workers[6].comparisons.precision@20%.treatment.n,5
population_level.workers[6].comparisons.precision@20%.treatment.p95,null
population_level.workers[6].comparisons.precision@20%.treatment_greater_in_pairs,0
population_level.workers[6].comparisons.recall@20%.baseline.max,0.8
population_level.workers[6].comparisons.recall@20%.baseline.mean,0.76
population_level.workers[6].comparisons.recall@20%.baseline.median,0.8
population_level.workers[6].comparisons.recall@20%.baseline.min,0.6
population_level.workers[6].comparisons.recall@20%.baseline.n,5
population_level.workers[6].comparisons.recall@20%.baseline.p95,null
population_level.workers[6].comparisons.recall@20%.median_difference,0.0
population_level.workers[6].comparisons.recall@20%.median_difference_interval,null
population_level.workers[6].comparisons.recall@20%.n_pairs,5
population_level.workers[6].comparisons.recall@20%.relative_median_difference,0.0
population_level.workers[6].comparisons.recall@20%.relative_note,null
population_level.workers[6].comparisons.recall@20%.treatment.max,0.8
population_level.workers[6].comparisons.recall@20%.treatment.mean,0.64
population_level.workers[6].comparisons.recall@20%.treatment.median,0.6
population_level.workers[6].comparisons.recall@20%.treatment.min,0.4
population_level.workers[6].comparisons.recall@20%.treatment.n,5
population_level.workers[6].comparisons.recall@20%.treatment.p95,null
population_level.workers[6].comparisons.recall@20%.treatment_greater_in_pairs,0
population_level.workers[7].comparisons.ndcg@20%.baseline.max,1.0
population_level.workers[7].comparisons.ndcg@20%.baseline.mean,0.966374
population_level.workers[7].comparisons.ndcg@20%.baseline.median,1.0
population_level.workers[7].comparisons.ndcg@20%.baseline.min,0.831872
population_level.workers[7].comparisons.ndcg@20%.baseline.n,5
population_level.workers[7].comparisons.ndcg@20%.baseline.p95,null
population_level.workers[7].comparisons.ndcg@20%.median_difference,0.0
population_level.workers[7].comparisons.ndcg@20%.median_difference_interval,null
population_level.workers[7].comparisons.ndcg@20%.n_pairs,5
population_level.workers[7].comparisons.ndcg@20%.relative_median_difference,0.0
population_level.workers[7].comparisons.ndcg@20%.relative_note,null
population_level.workers[7].comparisons.ndcg@20%.treatment.max,1.0
population_level.workers[7].comparisons.ndcg@20%.treatment.mean,1.0
population_level.workers[7].comparisons.ndcg@20%.treatment.median,1.0
population_level.workers[7].comparisons.ndcg@20%.treatment.min,1.0
population_level.workers[7].comparisons.ndcg@20%.treatment.n,5
population_level.workers[7].comparisons.ndcg@20%.treatment.p95,null
population_level.workers[7].comparisons.ndcg@20%.treatment_greater_in_pairs,1
population_level.workers[7].comparisons.precision@20%.baseline.max,1.0
population_level.workers[7].comparisons.precision@20%.baseline.mean,0.95
population_level.workers[7].comparisons.precision@20%.baseline.median,1.0
population_level.workers[7].comparisons.precision@20%.baseline.min,0.75
population_level.workers[7].comparisons.precision@20%.baseline.n,5
population_level.workers[7].comparisons.precision@20%.baseline.p95,null
population_level.workers[7].comparisons.precision@20%.median_difference,0.0
population_level.workers[7].comparisons.precision@20%.median_difference_interval,null
population_level.workers[7].comparisons.precision@20%.n_pairs,5
population_level.workers[7].comparisons.precision@20%.relative_median_difference,0.0
population_level.workers[7].comparisons.precision@20%.relative_note,null
population_level.workers[7].comparisons.precision@20%.treatment.max,1.0
population_level.workers[7].comparisons.precision@20%.treatment.mean,1.0
population_level.workers[7].comparisons.precision@20%.treatment.median,1.0
population_level.workers[7].comparisons.precision@20%.treatment.min,1.0
population_level.workers[7].comparisons.precision@20%.treatment.n,5
population_level.workers[7].comparisons.precision@20%.treatment.p95,null
population_level.workers[7].comparisons.precision@20%.treatment_greater_in_pairs,1
population_level.workers[7].comparisons.recall@20%.baseline.max,0.8
population_level.workers[7].comparisons.recall@20%.baseline.mean,0.76
population_level.workers[7].comparisons.recall@20%.baseline.median,0.8
population_level.workers[7].comparisons.recall@20%.baseline.min,0.6
population_level.workers[7].comparisons.recall@20%.baseline.n,5
population_level.workers[7].comparisons.recall@20%.baseline.p95,null
population_level.workers[7].comparisons.recall@20%.median_difference,0.0
population_level.workers[7].comparisons.recall@20%.median_difference_interval,null
population_level.workers[7].comparisons.recall@20%.n_pairs,5
population_level.workers[7].comparisons.recall@20%.relative_median_difference,0.0
population_level.workers[7].comparisons.recall@20%.relative_note,null
population_level.workers[7].comparisons.recall@20%.treatment.max,0.8
population_level.workers[7].comparisons.recall@20%.treatment.mean,0.8
population_level.workers[7].comparisons.recall@20%.treatment.median,0.8
population_level.workers[7].comparisons.recall@20%.treatment.min,0.8
population_level.workers[7].comparisons.recall@20%.treatment.n,5
population_level.workers[7].comparisons.recall@20%.treatment.p95,null
population_level.workers[7].comparisons.recall@20%.treatment_greater_in_pairs,1
population_level.workers[8].comparisons.ndcg@20%.baseline.max,1.0
population_level.workers[8].comparisons.ndcg@20%.baseline.mean,0.966374
population_level.workers[8].comparisons.ndcg@20%.baseline.median,1.0
population_level.workers[8].comparisons.ndcg@20%.baseline.min,0.831872
population_level.workers[8].comparisons.ndcg@20%.baseline.n,5
population_level.workers[8].comparisons.ndcg@20%.baseline.p95,null
population_level.workers[8].comparisons.ndcg@20%.median_difference,0.0
population_level.workers[8].comparisons.ndcg@20%.median_difference_interval,null
population_level.workers[8].comparisons.ndcg@20%.n_pairs,5
population_level.workers[8].comparisons.ndcg@20%.relative_median_difference,0.0
population_level.workers[8].comparisons.ndcg@20%.relative_note,null
population_level.workers[8].comparisons.ndcg@20%.treatment.max,1.0
population_level.workers[8].comparisons.ndcg@20%.treatment.mean,0.932749
population_level.workers[8].comparisons.ndcg@20%.treatment.median,1.0
population_level.workers[8].comparisons.ndcg@20%.treatment.min,0.831872
population_level.workers[8].comparisons.ndcg@20%.treatment.n,5
population_level.workers[8].comparisons.ndcg@20%.treatment.p95,null
population_level.workers[8].comparisons.ndcg@20%.treatment_greater_in_pairs,0
population_level.workers[8].comparisons.precision@20%.baseline.max,1.0
population_level.workers[8].comparisons.precision@20%.baseline.mean,0.95
population_level.workers[8].comparisons.precision@20%.baseline.median,1.0
population_level.workers[8].comparisons.precision@20%.baseline.min,0.75
population_level.workers[8].comparisons.precision@20%.baseline.n,5
population_level.workers[8].comparisons.precision@20%.baseline.p95,null
population_level.workers[8].comparisons.precision@20%.median_difference,0.0
population_level.workers[8].comparisons.precision@20%.median_difference_interval,null
population_level.workers[8].comparisons.precision@20%.n_pairs,5
population_level.workers[8].comparisons.precision@20%.relative_median_difference,0.0
population_level.workers[8].comparisons.precision@20%.relative_note,null
population_level.workers[8].comparisons.precision@20%.treatment.max,1.0
population_level.workers[8].comparisons.precision@20%.treatment.mean,0.9
population_level.workers[8].comparisons.precision@20%.treatment.median,1.0
population_level.workers[8].comparisons.precision@20%.treatment.min,0.75
population_level.workers[8].comparisons.precision@20%.treatment.n,5
population_level.workers[8].comparisons.precision@20%.treatment.p95,null
population_level.workers[8].comparisons.precision@20%.treatment_greater_in_pairs,0
population_level.workers[8].comparisons.recall@20%.baseline.max,0.8
population_level.workers[8].comparisons.recall@20%.baseline.mean,0.76
population_level.workers[8].comparisons.recall@20%.baseline.median,0.8
population_level.workers[8].comparisons.recall@20%.baseline.min,0.6
population_level.workers[8].comparisons.recall@20%.baseline.n,5
population_level.workers[8].comparisons.recall@20%.baseline.p95,null
population_level.workers[8].comparisons.recall@20%.median_difference,0.0
population_level.workers[8].comparisons.recall@20%.median_difference_interval,null
population_level.workers[8].comparisons.recall@20%.n_pairs,5
population_level.workers[8].comparisons.recall@20%.relative_median_difference,0.0
population_level.workers[8].comparisons.recall@20%.relative_note,null
population_level.workers[8].comparisons.recall@20%.treatment.max,0.8
population_level.workers[8].comparisons.recall@20%.treatment.mean,0.72
population_level.workers[8].comparisons.recall@20%.treatment.median,0.8
population_level.workers[8].comparisons.recall@20%.treatment.min,0.6
population_level.workers[8].comparisons.recall@20%.treatment.n,5
population_level.workers[8].comparisons.recall@20%.treatment.p95,null
population_level.workers[8].comparisons.recall@20%.treatment_greater_in_pairs,0
population_level.workers[9].comparisons.ndcg@20%.baseline.max,1.0
population_level.workers[9].comparisons.ndcg@20%.baseline.mean,0.966374
population_level.workers[9].comparisons.ndcg@20%.baseline.median,1.0
population_level.workers[9].comparisons.ndcg@20%.baseline.min,0.831872
population_level.workers[9].comparisons.ndcg@20%.baseline.n,5
population_level.workers[9].comparisons.ndcg@20%.baseline.p95,null
population_level.workers[9].comparisons.ndcg@20%.median_difference,0.0
population_level.workers[9].comparisons.ndcg@20%.median_difference_interval,null
population_level.workers[9].comparisons.ndcg@20%.n_pairs,5
population_level.workers[9].comparisons.ndcg@20%.relative_median_difference,0.0
population_level.workers[9].comparisons.ndcg@20%.relative_note,null
population_level.workers[9].comparisons.ndcg@20%.treatment.max,1.0
population_level.workers[9].comparisons.ndcg@20%.treatment.mean,1.0
population_level.workers[9].comparisons.ndcg@20%.treatment.median,1.0
population_level.workers[9].comparisons.ndcg@20%.treatment.min,1.0
population_level.workers[9].comparisons.ndcg@20%.treatment.n,5
population_level.workers[9].comparisons.ndcg@20%.treatment.p95,null
population_level.workers[9].comparisons.ndcg@20%.treatment_greater_in_pairs,1
population_level.workers[9].comparisons.precision@20%.baseline.max,1.0
population_level.workers[9].comparisons.precision@20%.baseline.mean,0.95
population_level.workers[9].comparisons.precision@20%.baseline.median,1.0
population_level.workers[9].comparisons.precision@20%.baseline.min,0.75
population_level.workers[9].comparisons.precision@20%.baseline.n,5
population_level.workers[9].comparisons.precision@20%.baseline.p95,null
population_level.workers[9].comparisons.precision@20%.median_difference,0.0
population_level.workers[9].comparisons.precision@20%.median_difference_interval,null
population_level.workers[9].comparisons.precision@20%.n_pairs,5
population_level.workers[9].comparisons.precision@20%.relative_median_difference,0.0
population_level.workers[9].comparisons.precision@20%.relative_note,null
population_level.workers[9].comparisons.precision@20%.treatment.max,1.0
population_level.workers[9].comparisons.precision@20%.treatment.mean,1.0
population_level.workers[9].comparisons.precision@20%.treatment.median,1.0
population_level.workers[9].comparisons.precision@20%.treatment.min,1.0
population_level.workers[9].comparisons.precision@20%.treatment.n,5
population_level.workers[9].comparisons.precision@20%.treatment.p95,null
population_level.workers[9].comparisons.precision@20%.treatment_greater_in_pairs,1
population_level.workers[9].comparisons.recall@20%.baseline.max,0.8
population_level.workers[9].comparisons.recall@20%.baseline.mean,0.76
population_level.workers[9].comparisons.recall@20%.baseline.median,0.8
population_level.workers[9].comparisons.recall@20%.baseline.min,0.6
population_level.workers[9].comparisons.recall@20%.baseline.n,5
population_level.workers[9].comparisons.recall@20%.baseline.p95,null
population_level.workers[9].comparisons.recall@20%.median_difference,0.0
population_level.workers[9].comparisons.recall@20%.median_difference_interval,null
population_level.workers[9].comparisons.recall@20%.n_pairs,5
population_level.workers[9].comparisons.recall@20%.relative_median_difference,0.0
population_level.workers[9].comparisons.recall@20%.relative_note,null
population_level.workers[9].comparisons.recall@20%.treatment.max,0.8
population_level.workers[9].comparisons.recall@20%.treatment.mean,0.8
population_level.workers[9].comparisons.recall@20%.treatment.median,0.8
population_level.workers[9].comparisons.recall@20%.treatment.min,0.8
population_level.workers[9].comparisons.recall@20%.treatment.n,5
population_level.workers[9].comparisons.recall@20%.treatment.p95,null
population_level.workers[9].comparisons.recall@20%.treatment_greater_in_pairs,1
population_level.workers[10].comparisons.ndcg@20%.baseline.max,1.0
population_level.workers[10].comparisons.ndcg@20%.baseline.mean,0.966374
population_level.workers[10].comparisons.ndcg@20%.baseline.median,1.0
population_level.workers[10].comparisons.ndcg@20%.baseline.min,0.831872
population_level.workers[10].comparisons.ndcg@20%.baseline.n,5
population_level.workers[10].comparisons.ndcg@20%.baseline.p95,null
population_level.workers[10].comparisons.ndcg@20%.median_difference,0.0
population_level.workers[10].comparisons.ndcg@20%.median_difference_interval,null
population_level.workers[10].comparisons.ndcg@20%.n_pairs,5
population_level.workers[10].comparisons.ndcg@20%.relative_median_difference,0.0
population_level.workers[10].comparisons.ndcg@20%.relative_note,null
population_level.workers[10].comparisons.ndcg@20%.treatment.max,1.0
population_level.workers[10].comparisons.ndcg@20%.treatment.mean,0.966374
population_level.workers[10].comparisons.ndcg@20%.treatment.median,1.0
population_level.workers[10].comparisons.ndcg@20%.treatment.min,0.831872
population_level.workers[10].comparisons.ndcg@20%.treatment.n,5
population_level.workers[10].comparisons.ndcg@20%.treatment.p95,null
population_level.workers[10].comparisons.ndcg@20%.treatment_greater_in_pairs,0
population_level.workers[10].comparisons.precision@20%.baseline.max,1.0
population_level.workers[10].comparisons.precision@20%.baseline.mean,0.95
population_level.workers[10].comparisons.precision@20%.baseline.median,1.0
population_level.workers[10].comparisons.precision@20%.baseline.min,0.75
population_level.workers[10].comparisons.precision@20%.baseline.n,5
population_level.workers[10].comparisons.precision@20%.baseline.p95,null
population_level.workers[10].comparisons.precision@20%.median_difference,0.0
population_level.workers[10].comparisons.precision@20%.median_difference_interval,null
population_level.workers[10].comparisons.precision@20%.n_pairs,5
population_level.workers[10].comparisons.precision@20%.relative_median_difference,0.0
population_level.workers[10].comparisons.precision@20%.relative_note,null
population_level.workers[10].comparisons.precision@20%.treatment.max,1.0
population_level.workers[10].comparisons.precision@20%.treatment.mean,0.95
population_level.workers[10].comparisons.precision@20%.treatment.median,1.0
population_level.workers[10].comparisons.precision@20%.treatment.min,0.75
population_level.workers[10].comparisons.precision@20%.treatment.n,5
population_level.workers[10].comparisons.precision@20%.treatment.p95,null
population_level.workers[10].comparisons.precision@20%.treatment_greater_in_pairs,0
population_level.workers[10].comparisons.recall@20%.baseline.max,0.8
population_level.workers[10].comparisons.recall@20%.baseline.mean,0.76
population_level.workers[10].comparisons.recall@20%.baseline.median,0.8
population_level.workers[10].comparisons.recall@20%.baseline.min,0.6
population_level.workers[10].comparisons.recall@20%.baseline.n,5
population_level.workers[10].comparisons.recall@20%.baseline.p95,null
population_level.workers[10].comparisons.recall@20%.median_difference,0.0
population_level.workers[10].comparisons.recall@20%.median_difference_interval,null
population_level.workers[10].comparisons.recall@20%.n_pairs,5
population_level.workers[10].comparisons.recall@20%.relative_median_difference,0.0
population_level.workers[10].comparisons.recall@20%.relative_note,null
population_level.workers[10].comparisons.recall@20%.treatment.max,0.8
population_level.workers[10].comparisons.recall@20%.treatment.mean,0.76
population_level.workers[10].comparisons.recall@20%.treatment.median,0.8
population_level.workers[10].comparisons.recall@20%.treatment.min,0.6
population_level.workers[10].comparisons.recall@20%.treatment.n,5
population_level.workers[10].comparisons.recall@20%.treatment.p95,null
population_level.workers[10].comparisons.recall@20%.treatment_greater_in_pairs,0
population_level.workers[11].comparisons.ndcg@20%.baseline.max,1.0
population_level.workers[11].comparisons.ndcg@20%.baseline.mean,0.966374
population_level.workers[11].comparisons.ndcg@20%.baseline.median,1.0
population_level.workers[11].comparisons.ndcg@20%.baseline.min,0.831872
population_level.workers[11].comparisons.ndcg@20%.baseline.n,5
population_level.workers[11].comparisons.ndcg@20%.baseline.p95,null
population_level.workers[11].comparisons.ndcg@20%.median_difference,0.0
population_level.workers[11].comparisons.ndcg@20%.median_difference_interval,null
population_level.workers[11].comparisons.ndcg@20%.n_pairs,5
population_level.workers[11].comparisons.ndcg@20%.relative_median_difference,0.0
population_level.workers[11].comparisons.ndcg@20%.relative_note,null
population_level.workers[11].comparisons.ndcg@20%.treatment.max,1.0
population_level.workers[11].comparisons.ndcg@20%.treatment.mean,0.966374
population_level.workers[11].comparisons.ndcg@20%.treatment.median,1.0
population_level.workers[11].comparisons.ndcg@20%.treatment.min,0.831872
population_level.workers[11].comparisons.ndcg@20%.treatment.n,5
population_level.workers[11].comparisons.ndcg@20%.treatment.p95,null
population_level.workers[11].comparisons.ndcg@20%.treatment_greater_in_pairs,0
population_level.workers[11].comparisons.precision@20%.baseline.max,1.0
population_level.workers[11].comparisons.precision@20%.baseline.mean,0.95
population_level.workers[11].comparisons.precision@20%.baseline.median,1.0
population_level.workers[11].comparisons.precision@20%.baseline.min,0.75
population_level.workers[11].comparisons.precision@20%.baseline.n,5
population_level.workers[11].comparisons.precision@20%.baseline.p95,null
population_level.workers[11].comparisons.precision@20%.median_difference,0.0
population_level.workers[11].comparisons.precision@20%.median_difference_interval,null
population_level.workers[11].comparisons.precision@20%.n_pairs,5
population_level.workers[11].comparisons.precision@20%.relative_median_difference,0.0
population_level.workers[11].comparisons.precision@20%.relative_note,null
population_level.workers[11].comparisons.precision@20%.treatment.max,1.0
population_level.workers[11].comparisons.precision@20%.treatment.mean,0.95
population_level.workers[11].comparisons.precision@20%.treatment.median,1.0
population_level.workers[11].comparisons.precision@20%.treatment.min,0.75
population_level.workers[11].comparisons.precision@20%.treatment.n,5
population_level.workers[11].comparisons.precision@20%.treatment.p95,null
population_level.workers[11].comparisons.precision@20%.treatment_greater_in_pairs,0
population_level.workers[11].comparisons.recall@20%.baseline.max,0.8
population_level.workers[11].comparisons.recall@20%.baseline.mean,0.76
population_level.workers[11].comparisons.recall@20%.baseline.median,0.8
population_level.workers[11].comparisons.recall@20%.baseline.min,0.6
population_level.workers[11].comparisons.recall@20%.baseline.n,5
population_level.workers[11].comparisons.recall@20%.baseline.p95,null
population_level.workers[11].comparisons.recall@20%.median_difference,0.0
population_level.workers[11].comparisons.recall@20%.median_difference_interval,null
population_level.workers[11].comparisons.recall@20%.n_pairs,5
population_level.workers[11].comparisons.recall@20%.relative_median_difference,0.0
population_level.workers[11].comparisons.recall@20%.relative_note,null
population_level.workers[11].comparisons.recall@20%.treatment.max,0.8
population_level.workers[11].comparisons.recall@20%.treatment.mean,0.76
population_level.workers[11].comparisons.recall@20%.treatment.median,0.8
population_level.workers[11].comparisons.recall@20%.treatment.min,0.6
population_level.workers[11].comparisons.recall@20%.treatment.n,5
population_level.workers[11].comparisons.recall@20%.treatment.p95,null
population_level.workers[11].comparisons.recall@20%.treatment_greater_in_pairs,0
population_level.workers[12].comparisons.ndcg@20%.baseline.max,1.0
population_level.workers[12].comparisons.ndcg@20%.baseline.mean,0.966374
population_level.workers[12].comparisons.ndcg@20%.baseline.median,1.0
population_level.workers[12].comparisons.ndcg@20%.baseline.min,0.831872
population_level.workers[12].comparisons.ndcg@20%.baseline.n,5
population_level.workers[12].comparisons.ndcg@20%.baseline.p95,null
population_level.workers[12].comparisons.ndcg@20%.median_difference,0.0
population_level.workers[12].comparisons.ndcg@20%.median_difference_interval,null
population_level.workers[12].comparisons.ndcg@20%.n_pairs,5
population_level.workers[12].comparisons.ndcg@20%.relative_median_difference,0.0
population_level.workers[12].comparisons.ndcg@20%.relative_note,null
population_level.workers[12].comparisons.ndcg@20%.treatment.max,1.0
population_level.workers[12].comparisons.ndcg@20%.treatment.mean,0.932749
population_level.workers[12].comparisons.ndcg@20%.treatment.median,1.0
population_level.workers[12].comparisons.ndcg@20%.treatment.min,0.831872
population_level.workers[12].comparisons.ndcg@20%.treatment.n,5
population_level.workers[12].comparisons.ndcg@20%.treatment.p95,null
population_level.workers[12].comparisons.ndcg@20%.treatment_greater_in_pairs,0
population_level.workers[12].comparisons.precision@20%.baseline.max,1.0
population_level.workers[12].comparisons.precision@20%.baseline.mean,0.95
population_level.workers[12].comparisons.precision@20%.baseline.median,1.0
population_level.workers[12].comparisons.precision@20%.baseline.min,0.75
population_level.workers[12].comparisons.precision@20%.baseline.n,5
population_level.workers[12].comparisons.precision@20%.baseline.p95,null
population_level.workers[12].comparisons.precision@20%.median_difference,0.0
population_level.workers[12].comparisons.precision@20%.median_difference_interval,null
population_level.workers[12].comparisons.precision@20%.n_pairs,5
population_level.workers[12].comparisons.precision@20%.relative_median_difference,0.0
population_level.workers[12].comparisons.precision@20%.relative_note,null
population_level.workers[12].comparisons.precision@20%.treatment.max,1.0
population_level.workers[12].comparisons.precision@20%.treatment.mean,0.9
population_level.workers[12].comparisons.precision@20%.treatment.median,1.0
population_level.workers[12].comparisons.precision@20%.treatment.min,0.75
population_level.workers[12].comparisons.precision@20%.treatment.n,5
population_level.workers[12].comparisons.precision@20%.treatment.p95,null
population_level.workers[12].comparisons.precision@20%.treatment_greater_in_pairs,0
population_level.workers[12].comparisons.recall@20%.baseline.max,0.8
population_level.workers[12].comparisons.recall@20%.baseline.mean,0.76
population_level.workers[12].comparisons.recall@20%.baseline.median,0.8
population_level.workers[12].comparisons.recall@20%.baseline.min,0.6
population_level.workers[12].comparisons.recall@20%.baseline.n,5
population_level.workers[12].comparisons.recall@20%.baseline.p95,null
population_level.workers[12].comparisons.recall@20%.median_difference,0.0
population_level.workers[12].comparisons.recall@20%.median_difference_interval,null
population_level.workers[12].comparisons.recall@20%.n_pairs,5
population_level.workers[12].comparisons.recall@20%.relative_median_difference,0.0
population_level.workers[12].comparisons.recall@20%.relative_note,null
population_level.workers[12].comparisons.recall@20%.treatment.max,0.8
population_level.workers[12].comparisons.recall@20%.treatment.mean,0.72
population_level.workers[12].comparisons.recall@20%.treatment.median,0.8
population_level.workers[12].comparisons.recall@20%.treatment.min,0.6
population_level.workers[12].comparisons.recall@20%.treatment.n,5
population_level.workers[12].comparisons.recall@20%.treatment.p95,null
population_level.workers[12].comparisons.recall@20%.treatment_greater_in_pairs,0
population_level.workers[13].comparisons.ndcg@20%.baseline.max,1.0
population_level.workers[13].comparisons.ndcg@20%.baseline.mean,0.966374
population_level.workers[13].comparisons.ndcg@20%.baseline.median,1.0
population_level.workers[13].comparisons.ndcg@20%.baseline.min,0.831872
population_level.workers[13].comparisons.ndcg@20%.baseline.n,5
population_level.workers[13].comparisons.ndcg@20%.baseline.p95,null
population_level.workers[13].comparisons.ndcg@20%.median_difference,0.0
population_level.workers[13].comparisons.ndcg@20%.median_difference_interval,null
population_level.workers[13].comparisons.ndcg@20%.n_pairs,5
population_level.workers[13].comparisons.ndcg@20%.relative_median_difference,0.0
population_level.workers[13].comparisons.ndcg@20%.relative_note,null
population_level.workers[13].comparisons.ndcg@20%.treatment.max,1.0
population_level.workers[13].comparisons.ndcg@20%.treatment.mean,0.966374
population_level.workers[13].comparisons.ndcg@20%.treatment.median,1.0
population_level.workers[13].comparisons.ndcg@20%.treatment.min,0.831872
population_level.workers[13].comparisons.ndcg@20%.treatment.n,5
population_level.workers[13].comparisons.ndcg@20%.treatment.p95,null
population_level.workers[13].comparisons.ndcg@20%.treatment_greater_in_pairs,0
population_level.workers[13].comparisons.precision@20%.baseline.max,1.0
population_level.workers[13].comparisons.precision@20%.baseline.mean,0.95
population_level.workers[13].comparisons.precision@20%.baseline.median,1.0
population_level.workers[13].comparisons.precision@20%.baseline.min,0.75
population_level.workers[13].comparisons.precision@20%.baseline.n,5
population_level.workers[13].comparisons.precision@20%.baseline.p95,null
population_level.workers[13].comparisons.precision@20%.median_difference,0.0
population_level.workers[13].comparisons.precision@20%.median_difference_interval,null
population_level.workers[13].comparisons.precision@20%.n_pairs,5
population_level.workers[13].comparisons.precision@20%.relative_median_difference,0.0
population_level.workers[13].comparisons.precision@20%.relative_note,null
population_level.workers[13].comparisons.precision@20%.treatment.max,1.0
population_level.workers[13].comparisons.precision@20%.treatment.mean,0.95
population_level.workers[13].comparisons.precision@20%.treatment.median,1.0
population_level.workers[13].comparisons.precision@20%.treatment.min,0.75
population_level.workers[13].comparisons.precision@20%.treatment.n,5
population_level.workers[13].comparisons.precision@20%.treatment.p95,null
population_level.workers[13].comparisons.precision@20%.treatment_greater_in_pairs,0
population_level.workers[13].comparisons.recall@20%.baseline.max,0.8
population_level.workers[13].comparisons.recall@20%.baseline.mean,0.76
population_level.workers[13].comparisons.recall@20%.baseline.median,0.8
population_level.workers[13].comparisons.recall@20%.baseline.min,0.6
population_level.workers[13].comparisons.recall@20%.baseline.n,5
population_level.workers[13].comparisons.recall@20%.baseline.p95,null
population_level.workers[13].comparisons.recall@20%.median_difference,0.0
population_level.workers[13].comparisons.recall@20%.median_difference_interval,null
population_level.workers[13].comparisons.recall@20%.n_pairs,5
population_level.workers[13].comparisons.recall@20%.relative_median_difference,0.0
population_level.workers[13].comparisons.recall@20%.relative_note,null
population_level.workers[13].comparisons.recall@20%.treatment.max,0.8
population_level.workers[13].comparisons.recall@20%.treatment.mean,0.76
population_level.workers[13].comparisons.recall@20%.treatment.median,0.8
population_level.workers[13].comparisons.recall@20%.treatment.min,0.6
population_level.workers[13].comparisons.recall@20%.treatment.n,5
population_level.workers[13].comparisons.recall@20%.treatment.p95,null
population_level.workers[13].comparisons.recall@20%.treatment_greater_in_pairs,0
population_level.workers[14].comparisons.ndcg@20%.baseline.max,1.0
population_level.workers[14].comparisons.ndcg@20%.baseline.mean,0.966374
population_level.workers[14].comparisons.ndcg@20%.baseline.median,1.0
population_level.workers[14].comparisons.ndcg@20%.baseline.min,0.831872
population_level.workers[14].comparisons.ndcg@20%.baseline.n,5
population_level.workers[14].comparisons.ndcg@20%.baseline.p95,null
population_level.workers[14].comparisons.ndcg@20%.median_difference,0.0
population_level.workers[14].comparisons.ndcg@20%.median_difference_interval,null
population_level.workers[14].comparisons.ndcg@20%.n_pairs,5
population_level.workers[14].comparisons.ndcg@20%.relative_median_difference,0.0
population_level.workers[14].comparisons.ndcg@20%.relative_note,null
population_level.workers[14].comparisons.ndcg@20%.treatment.max,1.0
population_level.workers[14].comparisons.ndcg@20%.treatment.mean,1.0
population_level.workers[14].comparisons.ndcg@20%.treatment.median,1.0
population_level.workers[14].comparisons.ndcg@20%.treatment.min,1.0
population_level.workers[14].comparisons.ndcg@20%.treatment.n,5
population_level.workers[14].comparisons.ndcg@20%.treatment.p95,null
population_level.workers[14].comparisons.ndcg@20%.treatment_greater_in_pairs,1
population_level.workers[14].comparisons.precision@20%.baseline.max,1.0
population_level.workers[14].comparisons.precision@20%.baseline.mean,0.95
population_level.workers[14].comparisons.precision@20%.baseline.median,1.0
population_level.workers[14].comparisons.precision@20%.baseline.min,0.75
population_level.workers[14].comparisons.precision@20%.baseline.n,5
population_level.workers[14].comparisons.precision@20%.baseline.p95,null
population_level.workers[14].comparisons.precision@20%.median_difference,0.0
population_level.workers[14].comparisons.precision@20%.median_difference_interval,null
population_level.workers[14].comparisons.precision@20%.n_pairs,5
population_level.workers[14].comparisons.precision@20%.relative_median_difference,0.0
population_level.workers[14].comparisons.precision@20%.relative_note,null
population_level.workers[14].comparisons.precision@20%.treatment.max,1.0
population_level.workers[14].comparisons.precision@20%.treatment.mean,1.0
population_level.workers[14].comparisons.precision@20%.treatment.median,1.0
population_level.workers[14].comparisons.precision@20%.treatment.min,1.0
population_level.workers[14].comparisons.precision@20%.treatment.n,5
population_level.workers[14].comparisons.precision@20%.treatment.p95,null
population_level.workers[14].comparisons.precision@20%.treatment_greater_in_pairs,1
population_level.workers[14].comparisons.recall@20%.baseline.max,0.8
population_level.workers[14].comparisons.recall@20%.baseline.mean,0.76
population_level.workers[14].comparisons.recall@20%.baseline.median,0.8
population_level.workers[14].comparisons.recall@20%.baseline.min,0.6
population_level.workers[14].comparisons.recall@20%.baseline.n,5
population_level.workers[14].comparisons.recall@20%.baseline.p95,null
population_level.workers[14].comparisons.recall@20%.median_difference,0.0
population_level.workers[14].comparisons.recall@20%.median_difference_interval,null
population_level.workers[14].comparisons.recall@20%.n_pairs,5
population_level.workers[14].comparisons.recall@20%.relative_median_difference,0.0
population_level.workers[14].comparisons.recall@20%.relative_note,null
population_level.workers[14].comparisons.recall@20%.treatment.max,0.8
population_level.workers[14].comparisons.recall@20%.treatment.mean,0.8
population_level.workers[14].comparisons.recall@20%.treatment.median,0.8
population_level.workers[14].comparisons.recall@20%.treatment.min,0.8
population_level.workers[14].comparisons.recall@20%.treatment.n,5
population_level.workers[14].comparisons.recall@20%.treatment.p95,null
population_level.workers[14].comparisons.recall@20%.treatment_greater_in_pairs,1
population_level.workers[15].comparisons.ndcg@20%.baseline.max,1.0
population_level.workers[15].comparisons.ndcg@20%.baseline.mean,0.966374
population_level.workers[15].comparisons.ndcg@20%.baseline.median,1.0
population_level.workers[15].comparisons.ndcg@20%.baseline.min,0.831872
population_level.workers[15].comparisons.ndcg@20%.baseline.n,5
population_level.workers[15].comparisons.ndcg@20%.baseline.p95,null
population_level.workers[15].comparisons.ndcg@20%.median_difference,0.0
population_level.workers[15].comparisons.ndcg@20%.median_difference_interval,null
population_level.workers[15].comparisons.ndcg@20%.n_pairs,5
population_level.workers[15].comparisons.ndcg@20%.relative_median_difference,0.0
population_level.workers[15].comparisons.ndcg@20%.relative_note,null
population_level.workers[15].comparisons.ndcg@20%.treatment.max,1.0
population_level.workers[15].comparisons.ndcg@20%.treatment.mean,0.966374
population_level.workers[15].comparisons.ndcg@20%.treatment.median,1.0
population_level.workers[15].comparisons.ndcg@20%.treatment.min,0.831872
population_level.workers[15].comparisons.ndcg@20%.treatment.n,5
population_level.workers[15].comparisons.ndcg@20%.treatment.p95,null
population_level.workers[15].comparisons.ndcg@20%.treatment_greater_in_pairs,0
population_level.workers[15].comparisons.precision@20%.baseline.max,1.0
population_level.workers[15].comparisons.precision@20%.baseline.mean,0.95
population_level.workers[15].comparisons.precision@20%.baseline.median,1.0
population_level.workers[15].comparisons.precision@20%.baseline.min,0.75
population_level.workers[15].comparisons.precision@20%.baseline.n,5
population_level.workers[15].comparisons.precision@20%.baseline.p95,null
population_level.workers[15].comparisons.precision@20%.median_difference,0.0
population_level.workers[15].comparisons.precision@20%.median_difference_interval,null
population_level.workers[15].comparisons.precision@20%.n_pairs,5
population_level.workers[15].comparisons.precision@20%.relative_median_difference,0.0
population_level.workers[15].comparisons.precision@20%.relative_note,null
population_level.workers[15].comparisons.precision@20%.treatment.max,1.0
population_level.workers[15].comparisons.precision@20%.treatment.mean,0.95
population_level.workers[15].comparisons.precision@20%.treatment.median,1.0
population_level.workers[15].comparisons.precision@20%.treatment.min,0.75
population_level.workers[15].comparisons.precision@20%.treatment.n,5
population_level.workers[15].comparisons.precision@20%.treatment.p95,null
population_level.workers[15].comparisons.precision@20%.treatment_greater_in_pairs,0
population_level.workers[15].comparisons.recall@20%.baseline.max,0.8
population_level.workers[15].comparisons.recall@20%.baseline.mean,0.76
population_level.workers[15].comparisons.recall@20%.baseline.median,0.8
population_level.workers[15].comparisons.recall@20%.baseline.min,0.6
population_level.workers[15].comparisons.recall@20%.baseline.n,5
population_level.workers[15].comparisons.recall@20%.baseline.p95,null
population_level.workers[15].comparisons.recall@20%.median_difference,0.0
population_level.workers[15].comparisons.recall@20%.median_difference_interval,null
population_level.workers[15].comparisons.recall@20%.n_pairs,5
population_level.workers[15].comparisons.recall@20%.relative_median_difference,0.0
population_level.workers[15].comparisons.recall@20%.relative_note,null
population_level.workers[15].comparisons.recall@20%.treatment.max,0.8
population_level.workers[15].comparisons.recall@20%.treatment.mean,0.76
population_level.workers[15].comparisons.recall@20%.treatment.median,0.8
population_level.workers[15].comparisons.recall@20%.treatment.min,0.6
population_level.workers[15].comparisons.recall@20%.treatment.n,5
population_level.workers[15].comparisons.recall@20%.treatment.p95,null
population_level.workers[15].comparisons.recall@20%.treatment_greater_in_pairs,0
scenario_level.full.micro.f1,0.7143
scenario_level.full.micro.fn,0
scenario_level.full.micro.fp,4
scenario_level.full.micro.precision,0.5556
scenario_level.full.micro.recall,1.0
scenario_level.full.micro.tp,5
scenario_level.full.per_scenario[0].metrics.f1,null
scenario_level.full.per_scenario[0].metrics.fn,0
scenario_level.full.per_scenario[0].metrics.fp,0
scenario_level.full.per_scenario[0].metrics.precision,null
scenario_level.full.per_scenario[0].metrics.recall,null
scenario_level.full.per_scenario[0].metrics.tp,0
scenario_level.full.per_scenario[0].risk_total_score,0.0
scenario_level.full.per_scenario[0].signal_findings,0
scenario_level.full.per_scenario[1].metrics.f1,0.6667
scenario_level.full.per_scenario[1].metrics.fn,0
scenario_level.full.per_scenario[1].metrics.fp,1
scenario_level.full.per_scenario[1].metrics.precision,0.5
scenario_level.full.per_scenario[1].metrics.recall,1.0
scenario_level.full.per_scenario[1].metrics.tp,1
scenario_level.full.per_scenario[1].risk_total_score,14.92
scenario_level.full.per_scenario[1].signal_findings,2
scenario_level.full.per_scenario[2].metrics.f1,1.0
scenario_level.full.per_scenario[2].metrics.fn,0
scenario_level.full.per_scenario[2].metrics.fp,0
scenario_level.full.per_scenario[2].metrics.precision,1.0
scenario_level.full.per_scenario[2].metrics.recall,1.0
scenario_level.full.per_scenario[2].metrics.tp,1
scenario_level.full.per_scenario[2].risk_total_score,6.18
scenario_level.full.per_scenario[2].signal_findings,1
scenario_level.full.per_scenario[3].metrics.f1,0.6667
scenario_level.full.per_scenario[3].metrics.fn,0
scenario_level.full.per_scenario[3].metrics.fp,2
scenario_level.full.per_scenario[3].metrics.precision,0.5
scenario_level.full.per_scenario[3].metrics.recall,1.0
scenario_level.full.per_scenario[3].metrics.tp,2
scenario_level.full.per_scenario[3].risk_total_score,27.21
scenario_level.full.per_scenario[3].signal_findings,4
scenario_level.full.per_scenario[4].metrics.f1,0.6667
scenario_level.full.per_scenario[4].metrics.fn,0
scenario_level.full.per_scenario[4].metrics.fp,1
scenario_level.full.per_scenario[4].metrics.precision,0.5
scenario_level.full.per_scenario[4].metrics.recall,1.0
scenario_level.full.per_scenario[4].metrics.tp,1
scenario_level.full.per_scenario[4].risk_total_score,10.62
scenario_level.full.per_scenario[4].signal_findings,2
scenario_level.workers[0].difference_vs_full.f1.absolute,-0.2143
scenario_level.workers[0].difference_vs_full.f1.relative,-0.300014
scenario_level.workers[0].difference_vs_full.precision.absolute,-0.127
scenario_level.workers[0].difference_vs_full.precision.relative,-0.228582
scenario_level.workers[0].difference_vs_full.recall.absolute,-0.4
scenario_level.workers[0].difference_vs_full.recall.relative,-0.4
scenario_level.workers[0].micro.f1,0.5
scenario_level.workers[0].micro.fn,2
scenario_level.workers[0].micro.fp,4
scenario_level.workers[0].micro.precision,0.4286
scenario_level.workers[0].micro.recall,0.6
scenario_level.workers[0].micro.tp,3
scenario_level.workers[0].risk_total_change_by_scenario.eg-fast-closure,-4.63
scenario_level.workers[0].risk_total_change_by_scenario.healthy,0.0
scenario_level.workers[0].risk_total_change_by_scenario.missing-evidence,0.0
scenario_level.workers[0].risk_total_change_by_scenario.mixed,-4.63
scenario_level.workers[0].risk_total_change_by_scenario.ns-missing-investigation,0.0
scenario_level.workers[0].signal_findings_change,-2
scenario_level.workers[1].difference_vs_full.f1.absolute,0.0
scenario_level.workers[1].difference_vs_full.f1.relative,0.0
scenario_level.workers[1].difference_vs_full.precision.absolute,0.0
scenario_level.workers[1].difference_vs_full.precision.relative,0.0
scenario_level.workers[1].difference_vs_full.recall.absolute,0.0
scenario_level.workers[1].difference_vs_full.recall.relative,0.0
scenario_level.workers[1].micro.f1,0.7143
scenario_level.workers[1].micro.fn,0
scenario_level.workers[1].micro.fp,4
scenario_level.workers[1].micro.precision,0.5556
scenario_level.workers[1].micro.recall,1.0
scenario_level.workers[1].micro.tp,5
scenario_level.workers[1].risk_total_change_by_scenario.eg-fast-closure,0.0
scenario_level.workers[1].risk_total_change_by_scenario.healthy,0.0
scenario_level.workers[1].risk_total_change_by_scenario.missing-evidence,0.0
scenario_level.workers[1].risk_total_change_by_scenario.mixed,0.0
scenario_level.workers[1].risk_total_change_by_scenario.ns-missing-investigation,0.0
scenario_level.workers[1].signal_findings_change,0
scenario_level.workers[2].difference_vs_full.f1.absolute,0.0
scenario_level.workers[2].difference_vs_full.f1.relative,0.0
scenario_level.workers[2].difference_vs_full.precision.absolute,0.0
scenario_level.workers[2].difference_vs_full.precision.relative,0.0
scenario_level.workers[2].difference_vs_full.recall.absolute,0.0
scenario_level.workers[2].difference_vs_full.recall.relative,0.0
scenario_level.workers[2].micro.f1,0.7143
scenario_level.workers[2].micro.fn,0
scenario_level.workers[2].micro.fp,4
scenario_level.workers[2].micro.precision,0.5556
scenario_level.workers[2].micro.recall,1.0
scenario_level.workers[2].micro.tp,5
scenario_level.workers[2].risk_total_change_by_scenario.eg-fast-closure,0.0
scenario_level.workers[2].risk_total_change_by_scenario.healthy,0.0
scenario_level.workers[2].risk_total_change_by_scenario.missing-evidence,0.0
scenario_level.workers[2].risk_total_change_by_scenario.mixed,0.0
scenario_level.workers[2].risk_total_change_by_scenario.ns-missing-investigation,0.0
scenario_level.workers[2].signal_findings_change,0
scenario_level.workers[3].difference_vs_full.f1.absolute,0.0
scenario_level.workers[3].difference_vs_full.f1.relative,0.0
scenario_level.workers[3].difference_vs_full.precision.absolute,0.0
scenario_level.workers[3].difference_vs_full.precision.relative,0.0
scenario_level.workers[3].difference_vs_full.recall.absolute,0.0
scenario_level.workers[3].difference_vs_full.recall.relative,0.0
scenario_level.workers[3].micro.f1,0.7143
scenario_level.workers[3].micro.fn,0
scenario_level.workers[3].micro.fp,4
scenario_level.workers[3].micro.precision,0.5556
scenario_level.workers[3].micro.recall,1.0
scenario_level.workers[3].micro.tp,5
scenario_level.workers[3].risk_total_change_by_scenario.eg-fast-closure,0.0
scenario_level.workers[3].risk_total_change_by_scenario.healthy,0.0
scenario_level.workers[3].risk_total_change_by_scenario.missing-evidence,0.0
scenario_level.workers[3].risk_total_change_by_scenario.mixed,0.0
scenario_level.workers[3].risk_total_change_by_scenario.ns-missing-investigation,0.0
scenario_level.workers[3].signal_findings_change,0
scenario_level.workers[4].difference_vs_full.f1.absolute,0.119
scenario_level.workers[4].difference_vs_full.f1.relative,0.166597
scenario_level.workers[4].difference_vs_full.precision.absolute,0.1587
scenario_level.workers[4].difference_vs_full.precision.relative,0.285637
scenario_level.workers[4].difference_vs_full.recall.absolute,0.0
scenario_level.workers[4].difference_vs_full.recall.relative,0.0
scenario_level.workers[4].micro.f1,0.8333
scenario_level.workers[4].micro.fn,0
scenario_level.workers[4].micro.fp,2
scenario_level.workers[4].micro.precision,0.7143
scenario_level.workers[4].micro.recall,1.0
scenario_level.workers[4].micro.tp,5
scenario_level.workers[4].risk_total_change_by_scenario.eg-fast-closure,-3.96
scenario_level.workers[4].risk_total_change_by_scenario.healthy,0.0
scenario_level.workers[4].risk_total_change_by_scenario.missing-evidence,0.0
scenario_level.workers[4].risk_total_change_by_scenario.mixed,-3.96
scenario_level.workers[4].risk_total_change_by_scenario.ns-missing-investigation,0.0
scenario_level.workers[4].signal_findings_change,-2
scenario_level.workers[5].difference_vs_full.f1.absolute,0.0
scenario_level.workers[5].difference_vs_full.f1.relative,0.0
scenario_level.workers[5].difference_vs_full.precision.absolute,0.0
scenario_level.workers[5].difference_vs_full.precision.relative,0.0
scenario_level.workers[5].difference_vs_full.recall.absolute,0.0
scenario_level.workers[5].difference_vs_full.recall.relative,0.0
scenario_level.workers[5].micro.f1,0.7143
scenario_level.workers[5].micro.fn,0
scenario_level.workers[5].micro.fp,4
scenario_level.workers[5].micro.precision,0.5556
scenario_level.workers[5].micro.recall,1.0
scenario_level.workers[5].micro.tp,5
scenario_level.workers[5].risk_total_change_by_scenario.eg-fast-closure,0.0
scenario_level.workers[5].risk_total_change_by_scenario.healthy,0.0
scenario_level.workers[5].risk_total_change_by_scenario.missing-evidence,0.0
scenario_level.workers[5].risk_total_change_by_scenario.mixed,0.0
scenario_level.workers[5].risk_total_change_by_scenario.ns-missing-investigation,0.0
scenario_level.workers[5].signal_findings_change,0
scenario_level.workers[6].difference_vs_full.f1.absolute,-0.1688
scenario_level.workers[6].difference_vs_full.f1.relative,-0.236315
scenario_level.workers[6].difference_vs_full.precision.absolute,-0.0556
scenario_level.workers[6].difference_vs_full.precision.relative,-0.100072
scenario_level.workers[6].difference_vs_full.recall.absolute,-0.4
scenario_level.workers[6].difference_vs_full.recall.relative,-0.4
scenario_level.workers[6].micro.f1,0.5455
scenario_level.workers[6].micro.fn,2
scenario_level.workers[6].micro.fp,3
scenario_level.workers[6].micro.precision,0.5
scenario_level.workers[6].micro.recall,0.6
scenario_level.workers[6].micro.tp,3
scenario_level.workers[6].risk_total_change_by_scenario.eg-fast-closure,0.0
scenario_level.workers[6].risk_total_change_by_scenario.healthy,0.0
scenario_level.workers[6].risk_total_change_by_scenario.missing-evidence,-5.0
scenario_level.workers[6].risk_total_change_by_scenario.mixed,-5.62
scenario_level.workers[6].risk_total_change_by_scenario.ns-missing-investigation,-6.18
scenario_level.workers[6].signal_findings_change,-3
scenario_level.workers[7].difference_vs_full.f1.absolute,0.0
scenario_level.workers[7].difference_vs_full.f1.relative,0.0
scenario_level.workers[7].difference_vs_full.precision.absolute,0.0
scenario_level.workers[7].difference_vs_full.precision.relative,0.0
scenario_level.workers[7].difference_vs_full.recall.absolute,0.0
scenario_level.workers[7].difference_vs_full.recall.relative,0.0
scenario_level.workers[7].micro.f1,0.7143
scenario_level.workers[7].micro.fn,0
scenario_level.workers[7].micro.fp,4
scenario_level.workers[7].micro.precision,0.5556
scenario_level.workers[7].micro.recall,1.0
scenario_level.workers[7].micro.tp,5
scenario_level.workers[7].risk_total_change_by_scenario.eg-fast-closure,0.0
scenario_level.workers[7].risk_total_change_by_scenario.healthy,0.0
scenario_level.workers[7].risk_total_change_by_scenario.missing-evidence,0.0
scenario_level.workers[7].risk_total_change_by_scenario.mixed,0.0
scenario_level.workers[7].risk_total_change_by_scenario.ns-missing-investigation,0.0
scenario_level.workers[7].signal_findings_change,0
scenario_level.workers[8].difference_vs_full.f1.absolute,0.0
scenario_level.workers[8].difference_vs_full.f1.relative,0.0
scenario_level.workers[8].difference_vs_full.precision.absolute,0.0
scenario_level.workers[8].difference_vs_full.precision.relative,0.0
scenario_level.workers[8].difference_vs_full.recall.absolute,0.0
scenario_level.workers[8].difference_vs_full.recall.relative,0.0
scenario_level.workers[8].micro.f1,0.7143
scenario_level.workers[8].micro.fn,0
scenario_level.workers[8].micro.fp,4
scenario_level.workers[8].micro.precision,0.5556
scenario_level.workers[8].micro.recall,1.0
scenario_level.workers[8].micro.tp,5
scenario_level.workers[8].risk_total_change_by_scenario.eg-fast-closure,0.0
scenario_level.workers[8].risk_total_change_by_scenario.healthy,0.0
scenario_level.workers[8].risk_total_change_by_scenario.missing-evidence,0.0
scenario_level.workers[8].risk_total_change_by_scenario.mixed,0.0
scenario_level.workers[8].risk_total_change_by_scenario.ns-missing-investigation,0.0
scenario_level.workers[8].signal_findings_change,0
scenario_level.workers[9].difference_vs_full.f1.absolute,0.0549
scenario_level.workers[9].difference_vs_full.f1.relative,0.076858
scenario_level.workers[9].difference_vs_full.precision.absolute,0.0694
scenario_level.workers[9].difference_vs_full.precision.relative,0.12491
scenario_level.workers[9].difference_vs_full.recall.absolute,0.0
scenario_level.workers[9].difference_vs_full.recall.relative,0.0
scenario_level.workers[9].micro.f1,0.7692
scenario_level.workers[9].micro.fn,0
scenario_level.workers[9].micro.fp,3
scenario_level.workers[9].micro.precision,0.625
scenario_level.workers[9].micro.recall,1.0
scenario_level.workers[9].micro.tp,5
scenario_level.workers[9].risk_total_change_by_scenario.eg-fast-closure,0.0
scenario_level.workers[9].risk_total_change_by_scenario.healthy,0.0
scenario_level.workers[9].risk_total_change_by_scenario.missing-evidence,0.0
scenario_level.workers[9].risk_total_change_by_scenario.mixed,-6.67
scenario_level.workers[9].risk_total_change_by_scenario.ns-missing-investigation,0.0
scenario_level.workers[9].signal_findings_change,-1
scenario_level.workers[10].difference_vs_full.f1.absolute,0.0
scenario_level.workers[10].difference_vs_full.f1.relative,0.0
scenario_level.workers[10].difference_vs_full.precision.absolute,0.0
scenario_level.workers[10].difference_vs_full.precision.relative,0.0
scenario_level.workers[10].difference_vs_full.recall.absolute,0.0
scenario_level.workers[10].difference_vs_full.recall.relative,0.0
scenario_level.workers[10].micro.f1,0.7143
scenario_level.workers[10].micro.fn,0
scenario_level.workers[10].micro.fp,4
scenario_level.workers[10].micro.precision,0.5556
scenario_level.workers[10].micro.recall,1.0
scenario_level.workers[10].micro.tp,5
scenario_level.workers[10].risk_total_change_by_scenario.eg-fast-closure,0.0
scenario_level.workers[10].risk_total_change_by_scenario.healthy,0.0
scenario_level.workers[10].risk_total_change_by_scenario.missing-evidence,0.0
scenario_level.workers[10].risk_total_change_by_scenario.mixed,0.0
scenario_level.workers[10].risk_total_change_by_scenario.ns-missing-investigation,0.0
scenario_level.workers[10].signal_findings_change,0
scenario_level.workers[11].difference_vs_full.f1.absolute,0.0
scenario_level.workers[11].difference_vs_full.f1.relative,0.0
scenario_level.workers[11].difference_vs_full.precision.absolute,0.0
scenario_level.workers[11].difference_vs_full.precision.relative,0.0
scenario_level.workers[11].difference_vs_full.recall.absolute,0.0
scenario_level.workers[11].difference_vs_full.recall.relative,0.0
scenario_level.workers[11].micro.f1,0.7143
scenario_level.workers[11].micro.fn,0
scenario_level.workers[11].micro.fp,4
scenario_level.workers[11].micro.precision,0.5556
scenario_level.workers[11].micro.recall,1.0
scenario_level.workers[11].micro.tp,5
scenario_level.workers[11].risk_total_change_by_scenario.eg-fast-closure,0.0
scenario_level.workers[11].risk_total_change_by_scenario.healthy,0.0
scenario_level.workers[11].risk_total_change_by_scenario.missing-evidence,0.0
scenario_level.workers[11].risk_total_change_by_scenario.mixed,0.0
scenario_level.workers[11].risk_total_change_by_scenario.ns-missing-investigation,0.0
scenario_level.workers[11].signal_findings_change,0
scenario_level.workers[12].difference_vs_full.f1.absolute,0.0
scenario_level.workers[12].difference_vs_full.f1.relative,0.0
scenario_level.workers[12].difference_vs_full.precision.absolute,0.0
scenario_level.workers[12].difference_vs_full.precision.relative,0.0
scenario_level.workers[12].difference_vs_full.recall.absolute,0.0
scenario_level.workers[12].difference_vs_full.recall.relative,0.0
scenario_level.workers[12].micro.f1,0.7143
scenario_level.workers[12].micro.fn,0
scenario_level.workers[12].micro.fp,4
scenario_level.workers[12].micro.precision,0.5556
scenario_level.workers[12].micro.recall,1.0
scenario_level.workers[12].micro.tp,5
scenario_level.workers[12].risk_total_change_by_scenario.eg-fast-closure,0.0
scenario_level.workers[12].risk_total_change_by_scenario.healthy,0.0
scenario_level.workers[12].risk_total_change_by_scenario.missing-evidence,0.0
scenario_level.workers[12].risk_total_change_by_scenario.mixed,0.0
scenario_level.workers[12].risk_total_change_by_scenario.ns-missing-investigation,0.0
scenario_level.workers[12].signal_findings_change,0
scenario_level.workers[13].difference_vs_full.f1.absolute,-0.0989
scenario_level.workers[13].difference_vs_full.f1.relative,-0.138457
scenario_level.workers[13].difference_vs_full.precision.absolute,-0.0556
scenario_level.workers[13].difference_vs_full.precision.relative,-0.100072
scenario_level.workers[13].difference_vs_full.recall.absolute,-0.2
scenario_level.workers[13].difference_vs_full.recall.relative,-0.2
scenario_level.workers[13].micro.f1,0.6154
scenario_level.workers[13].micro.fn,1
scenario_level.workers[13].micro.fp,4
scenario_level.workers[13].micro.precision,0.5
scenario_level.workers[13].micro.recall,0.8
scenario_level.workers[13].micro.tp,4
scenario_level.workers[13].risk_total_change_by_scenario.eg-fast-closure,0.0
scenario_level.workers[13].risk_total_change_by_scenario.healthy,0.0
scenario_level.workers[13].risk_total_change_by_scenario.missing-evidence,-5.62
scenario_level.workers[13].risk_total_change_by_scenario.mixed,0.0
scenario_level.workers[13].risk_total_change_by_scenario.ns-missing-investigation,0.0
scenario_level.workers[13].signal_findings_change,-1
scenario_level.workers[14].difference_vs_full.f1.absolute,0.0
scenario_level.workers[14].difference_vs_full.f1.relative,0.0
scenario_level.workers[14].difference_vs_full.precision.absolute,0.0
scenario_level.workers[14].difference_vs_full.precision.relative,0.0
scenario_level.workers[14].difference_vs_full.recall.absolute,0.0
scenario_level.workers[14].difference_vs_full.recall.relative,0.0
scenario_level.workers[14].micro.f1,0.7143
scenario_level.workers[14].micro.fn,0
scenario_level.workers[14].micro.fp,4
scenario_level.workers[14].micro.precision,0.5556
scenario_level.workers[14].micro.recall,1.0
scenario_level.workers[14].micro.tp,5
scenario_level.workers[14].risk_total_change_by_scenario.eg-fast-closure,0.0
scenario_level.workers[14].risk_total_change_by_scenario.healthy,0.0
scenario_level.workers[14].risk_total_change_by_scenario.missing-evidence,0.0
scenario_level.workers[14].risk_total_change_by_scenario.mixed,0.0
scenario_level.workers[14].risk_total_change_by_scenario.ns-missing-investigation,0.0
scenario_level.workers[14].signal_findings_change,0
scenario_level.workers[15].difference_vs_full.f1.absolute,0.0
scenario_level.workers[15].difference_vs_full.f1.relative,0.0
scenario_level.workers[15].difference_vs_full.precision.absolute,0.0
scenario_level.workers[15].difference_vs_full.precision.relative,0.0
scenario_level.workers[15].difference_vs_full.recall.absolute,0.0
scenario_level.workers[15].difference_vs_full.recall.relative,0.0
scenario_level.workers[15].micro.f1,0.7143
scenario_level.workers[15].micro.fn,0
scenario_level.workers[15].micro.fp,4
scenario_level.workers[15].micro.precision,0.5556
scenario_level.workers[15].micro.recall,1.0
scenario_level.workers[15].micro.tp,5
scenario_level.workers[15].risk_total_change_by_scenario.eg-fast-closure,0.0
scenario_level.workers[15].risk_total_change_by_scenario.healthy,0.0
scenario_level.workers[15].risk_total_change_by_scenario.missing-evidence,0.0
scenario_level.workers[15].risk_total_change_by_scenario.mixed,0.0
scenario_level.workers[15].risk_total_change_by_scenario.ns-missing-investigation,0.0
scenario_level.workers[15].signal_findings_change,0
