key,citation,year,category,domain,problem,method,data,evaluation,relevance_to_satsa,overlap,difference,limitation,citation_location,source_url,verified_via,verified_on
vanos2016soccmm,"R. van Os, SOC-CMM: Designing and Evaluating a Tool for Measurement of Capability Maturity in Security Operations Centers, MSc thesis, Luleå University of Technology",2016,directly comparable,SOC assessment,measuring SOC capability maturity,design-science maturity model and self-assessment tool,SOC characteristics; validation with SOCs,expert/SOC validation,closest SOC assessment instrument,both assess SOC quality,SOC-CMM scores maturity by self-assessment; SAT-SA analyses submitted operational records,self-reported; no record-level evidence,related work,https://ltu.diva-portal.org/smash/get/diva2:1033727/FULLTEXT02.pdf,DiVA repository record,2026-09-27
agyepong2023analyst,"E. Agyepong, Y. Cherdantseva, P. Reinecke, P. Burnap, A systematic method for measuring the performance of a cyber security operations centre analyst, Computers & Security 124 (2023) 102959, doi:10.1016/j.cose.2022.102959",2023,directly comparable,SOC performance measurement,measuring SOC analyst performance,Delphi panel + analytic hierarchy process weighting,expert panel,evaluation of the measurement method,performance measurement of SOC work,both quantify SOC work quality,analyst-level managerial metric vs supervisor-side entity analytics from records,weights from expert judgement,related work,https://doi.org/10.1016/j.cose.2022.102959,ACM DL / publisher index record,2026-09-27
forsberg2023metrics,"J. Forsberg, T. Frantti, Technical performance metrics of a security operations center, Computers & Security (2023) 103529, doi:10.1016/j.cose.2023.103529",2023,directly comparable,SOC performance measurement,defining technical SOC performance metrics,design science research,metric framework,design-science evaluation,SOC metric catalogue,both measure SOC operation,metric framework vs computed supervisory findings,framework not an analytics system,related work,https://doi.org/10.1016/j.cose.2023.103529,ACM DL / JYX repository record,2026-09-27
vielberth2020soc,"M. Vielberth, F. Böhm, I. Fichtinger, G. Pernul, Security Operations Center: A Systematic Study and Open Challenges, IEEE Access 8 (2020) 227756-227779, doi:10.1109/ACCESS.2020.3045514",2020,background,SOC,state of the art and challenges of SOCs,systematic literature study,literature,n/a,defines SOC building blocks and challenges,SOC domain framing,survey vs system,survey,introduction; related work,https://doi.org/10.1109/ACCESS.2020.3045514,IEEE Xplore / dblp record,2026-09-27
kokulu2019soc,"F. B. Kokulu et al., Matched and Mismatched SOCs: A Qualitative Study on Security Operations Center Issues, ACM CCS 2019, pp. 1955-1970, doi:10.1145/3319535.3354239",2019,background,SOC operations,issues and mismatches in SOC operation,qualitative interviews,SOC practitioners,qualitative analysis,motivates evidence of SOC process issues,SOC process quality,qualitative study vs automated analytics,qualitative; small sample,introduction; related work,https://doi.org/10.1145/3319535.3354239,ACM DL record,2026-09-27
sundaramurthy2015burnout,"S. C. Sundaramurthy et al., A Human Capital Model for Mitigating Security Analyst Burnout, SOUPS 2015, pp. 347-359",2015,background,SOC human factors,analyst burnout,anthropological fieldwork / grounded theory,embedded researcher in a SOC,qualitative,motivates human factors in SOC review,SOC human factors,no analytics,qualitative,related work,https://www.usenix.org/conference/soups2015/proceedings/presentation/sundaramurthy,USENIX publisher page,2026-09-27
sundaramurthy2016contradictions,"S. C. Sundaramurthy et al., Turning Contradictions into Innovations or: How We Learned to Stop Whining and Improve Security Operations, SOUPS 2016",2016,background,SOC operations,conditions for successful SOC innovation,activity theory; 3.5 years of fieldwork,SOC fieldwork,qualitative,motivates careful integration of tooling into SOC practice,SOC process,no analytics,qualitative,related work,https://www.usenix.org/conference/soups2016/technical-sessions/presentation/sundaramurthy,USENIX publisher page,2026-09-27
alahmadi2022falsepositives,"B. A. Alahmadi, L. Axon, I. Martinovic, 99% False Positives: A Qualitative Study of SOC Analysts' Perspectives on Security Alarms, USENIX Security 2022, pp. 2783-2800",2022,related work,alert quality,false-positive alarms and analyst perception,survey and interviews,SOC practitioners,qualitative,motivates alert-volume problem,alert quality,SAT-SA assesses workflow over alerts rather than alarm quality,qualitative,introduction; related work,https://www.usenix.org/conference/usenixsecurity22/presentation/alahmadi,USENIX publisher page,2026-09-27
tariq2025alertfatigue,"S. Tariq, M. Baruwal Chhetri, S. Nepal, C. Paris, Alert Fatigue in Security Operations Centres: Research Challenges and Opportunities, ACM Computing Surveys 57(9) Article 224 (2025), doi:10.1145/3723158",2025,related work,alert fatigue,causes and mitigations of alert fatigue,survey,literature,n/a,frames prioritization under limited capacity,prioritization motivation,analyst-side alert focus vs supervisor-side entity focus,survey,related work,https://doi.org/10.1145/3723158,ACM DL record (via index),2026-09-27
jalalvand2024prioritisation,"F. Jalalvand, M. Baruwal Chhetri, S. Nepal, C. Paris, Alert Prioritisation in Security Operations Centres: A Systematic Survey on Criteria and Methods, ACM Computing Surveys 57(2) Article 42 (2024), doi:10.1145/3695462",2024,directly comparable,alert prioritization,criteria and methods for SOC alert prioritisation,systematic review of 89 papers,literature,n/a,closest body of prioritization work,ranking under limited capacity,alerts for analysts vs entities for supervisors,survey,related work,https://doi.org/10.1145/3695462,ACM DL record,2026-09-27
jalalvand2025l2d,"F. Jalalvand, M. Baruwal Chhetri, S. Nepal, C. Paris, Adaptive alert prioritisation in security operations centres via learning to defer with human feedback, arXiv:2506.18462 (2025)",2025,related work,human-in-the-loop prioritization,deferring alert decisions to humans,learning to defer with human feedback,alert data,experimental,human-in-the-loop decision support,human authority in the loop,SAT-SA always requires a human decision; no learned deferral,preprint,related work,https://arxiv.org/abs/2506.18462,arXiv abstract page,2026-09-27
hassan2019nodoze,"W. U. Hassan et al., NoDoze: Combatting Threat Alert Fatigue with Automated Provenance Triage, NDSS 2019",2019,related work,alert triage,ranking threat alerts,provenance-graph anomaly scoring,364 threat alerts,alert ranking evaluation,provenance-based triage,alert ranking with provenance,host provenance graphs vs record-level supervisory evidence,enterprise telemetry,related work,https://www.ndss-symposium.org/wp-content/uploads/2019/02/ndss2019_03B-1-3_UlHassan_paper.pdf,NDSS proceedings / dblp,2026-09-27
freitas2024guide,"S. Freitas, J. Kalajdjieski, A. Gharib, R. McCann, AI-Driven Guided Response for Security Operation Centers with Microsoft Copilot for Security, arXiv:2407.09017 (2024) [GUIDE dataset, CDLA-Permissive-2.0]",2024,dataset,SOC triage,guided investigation/triage/remediation,industry ML system; GUIDE dataset,1M incidents with triage grades,deployed system evaluation,candidate external dataset (unsuitable: no workflow timing),SOC incident triage,triage labels vs supervisory execution quality,no closure/investigation/escalation fields,external validation; supplementary,https://arxiv.org/abs/2407.09017,arXiv abstract page and paper text,2026-09-27
freitas2026aip,"S. Freitas, A. Gharib, M. Magenheim, Adaptive Incident Prioritization for Security Operations at Scale, arXiv:2607.16963 (2026)",2026,related work,incident prioritization,multi-tenant incident ranking,BM25-style component ranking,industry incident queue,deployed system evaluation,prioritization at scale,incident ranking,analyst queue vs supervisory entity priority,preprint,related work,https://arxiv.org/abs/2607.16963,arXiv abstract page,2026-09-27
vanderaalst2016pm,"W. M. P. van der Aalst, Process Mining: Data Science in Action, 2nd ed., Springer (2016), doi:10.1007/978-3-662-49851-4",2016,supporting methodology,process mining,discovering and checking processes from event logs,process mining,event logs,n/a,foundation for workflow analytics from event records,workflow evidence analysis,SAT-SA uses rule checks not discovered models,textbook,related work; methodology,https://doi.org/10.1007/978-3-662-49851-4,Springer book page / dblp,2026-09-27
carmona2018conformance,"J. Carmona, B. van Dongen, A. Solti, M. Weidlich, Conformance Checking: Relating Processes and Models, Springer (2018), doi:10.1007/978-3-319-99414-7",2018,supporting methodology,process mining,detecting deviations such as skipped activities,alignments between logs and models,event logs,n/a,absence-based checks are a form of conformance checking,missing-activity detection,SAT-SA encodes expected activity as rules not process models,textbook,related work; methodology,https://doi.org/10.1007/978-3-319-99414-7,Springer book page / dblp,2026-09-27
vanderaalst2005security,"W. M. P. van der Aalst, A. K. A. de Medeiros, Process Mining and Security: Detecting Anomalous Process Executions and Checking Process Conformance, ENTCS 121 (2005) 3-21, doi:10.1016/j.entcs.2004.10.013",2005,related work,process mining for security,anomalous executions in audit trails,alpha algorithm and conformance,audit trails,illustrative,process analytics applied to security,conformance for security,audit trails vs SOC submissions,early work,related work,https://doi.org/10.1016/j.entcs.2004.10.013,ScienceDirect record,2026-09-27
ferreira2008itil,"D. R. Ferreira, M. Mira da Silva, Using Process Mining for ITIL Assessment: A Case Study with Incident Management, UKAIS 2008",2008,related work,IT incident management,assessing incident management against ITIL,process mining,real vendor incident log,case study,assessment of incident workflows from records (same domain as UCI-498),record-based process assessment,ITIL conformance vs SOC supervisory findings,single case study,related work; external validation,https://www.semanticscholar.org/paper/e741e83e0045a5e1acb199e4c126a9f92d796d41,Semantic Scholar / ResearchGate record,2026-09-27
weston2008pga,"D. J. Weston, D. J. Hand, N. M. Adams, C. Whitrow, P. Juszczak, Plastic card fraud detection using peer group analysis, Advances in Data Analysis and Classification 2(1) (2008) 45-62, doi:10.1007/s11634-008-0021-8",2008,supporting methodology,fraud detection,flagging behaviour that deviates from peers,peer group analysis,card transactions,experimental,peer benchmarking method,cross-entity deviation,SAT-SA uses a declared cohort and median/MAD rule,different domain,methodology; related work,https://doi.org/10.1007/s11634-008-0021-8,Springer / Semantic Scholar record,2026-09-27
bolton2002fraud,"R. J. Bolton, D. J. Hand, Statistical Fraud Detection: A Review, Statistical Science 17(3) (2002) 235-255",2002,background,fraud detection,statistical fraud detection methods,review,literature,n/a,context for unsupervised deviation detection,deviation-based detection,review,review,related work,https://projecteuclid.org/euclid.ss/1042727940,Project Euclid record,2026-09-27
leys2013mad,"C. Leys, C. Ley, O. Klein, P. Bernard, L. Licata, Detecting outliers: Do not use standard deviation around the mean, use absolute deviation around the median, Journal of Experimental Social Psychology 49(4) (2013), doi:10.1016/j.jesp.2013.03.013",2013,supporting methodology,robust statistics,robust outlier detection,median absolute deviation,n/a,n/a,justifies median/MAD rules in anomaly and peer workers,MAD thresholds,—,methodological note,methodology,https://doi.org/10.1016/j.jesp.2013.03.013,publisher / Semantic Scholar record,2026-09-27
broeders2018suptech,"D. Broeders, J. Prenio, Innovative technology in financial supervision (suptech) - the experience of early users, FSI Insights on policy implementation No 9, Bank for International Settlements (2018)",2018,related work,supervisory technology,use of technology by supervisory agencies,policy survey,supervisory authorities,n/a,supervisor-side analytics context,supervisor-side analytics,financial supervision vs SOC supervision,policy report,introduction; related work,https://www.bis.org/fsi/publ/insights9.htm,BIS publication page,2026-09-27
schneier1999logs,"B. Schneier, J. Kelsey, Secure audit logs to support computer forensics, ACM Transactions on Information and System Security 2(2) (1999), doi:10.1145/317087.317089",1999,security infrastructure,secure logging,tamper-evident audit logs,forward-secure MAC chains,n/a,security analysis,basis for hash-linked ledger design,tamper-evident records,SAT-SA signs a canonical supervisory document and chains ledger entries,local keys,security section,https://doi.org/10.1145/317087.317089,ACM DL record,2026-09-27
crosby2009logging,"S. A. Crosby, D. S. Wallach, Efficient Data Structures for Tamper-Evident Logging, USENIX Security 2009",2009,security infrastructure,secure logging,efficient tamper-evident logs,history trees,n/a,analysis and benchmarks,tamper-evident log background,tamper-evident logging,SAT-SA uses a linear hash chain,—,security section,https://www.usenix.org/conference/usenixsecurity09/technical-sessions/presentation/efficient-data-structures-tamper-evident,USENIX publisher page,2026-09-27
nist2024fips204,"National Institute of Standards and Technology, FIPS 204: Module-Lattice-Based Digital Signature Standard (2024), doi:10.6028/NIST.FIPS.204",2024,security infrastructure,post-quantum signatures,standard post-quantum digital signatures,ML-DSA specification,n/a,standard,defines ML-DSA-65 used by TRUST-SAT,signature primitive,standard primitive; not a contribution,—,security section,https://csrc.nist.gov/pubs/fips/204/final,NIST CSRC official page,2026-09-27
nist2015fips202,"National Institute of Standards and Technology, FIPS 202: SHA-3 Standard: Permutation-Based Hash and Extendable-Output Functions (2015), doi:10.6028/NIST.FIPS.202",2015,security infrastructure,hashing,SHA-3 hash functions,Keccak specification,n/a,standard,defines SHA3-256 used for canonical digests,hash primitive,standard primitive,—,security section,https://csrc.nist.gov/pubs/fips/202/final,NIST CSRC official page,2026-09-27
w3c2013provdm,"L. Moreau, P. Missier (eds.), PROV-DM: The PROV Data Model, W3C Recommendation, 30 April 2013",2013,security infrastructure,provenance,representing provenance of data,conceptual data model,n/a,standard,vocabulary for evidence provenance,provenance of findings,SAT-SA stores source-record references; it does not export PROV,—,architecture; related work,https://www.w3.org/TR/prov-dm/,W3C official specification,2026-09-27
parasuraman2010automation,"R. Parasuraman, D. H. Manzey, Complacency and Bias in Human Use of Automation: An Attentional Integration, Human Factors 52(3) (2010), doi:10.1177/0018720810376055",2010,background,human factors,automation complacency and bias,integrative review,empirical studies,n/a,motivates mandatory human decision and caution in the human-study protocol,human oversight,no SOC system,review,discussion; human evaluation,https://doi.org/10.1177/0018720810376055,SAGE journal page,2026-09-27
langgraph2026docs,"LangChain, LangGraph documentation: Persistence and durable execution (accessed 2026-09-27)",2026,security infrastructure,workflow orchestration,durable graph execution with checkpoints and human interrupts,software documentation,n/a,n/a,orchestration framework used by SAT-SA,checkpointed human-in-the-loop workflow,SAT-SA uses it only for orchestration; analytics are deterministic,documentation not peer-reviewed,architecture,https://docs.langchain.com/oss/python/langgraph/durable-execution,official documentation,2026-09-27
jarvelin2002ndcg,"K. Järvelin, J. Kekäläinen, Cumulated gain-based evaluation of IR techniques, ACM Transactions on Information Systems 20(4) (2002) 422-446, doi:10.1145/582415.582418",2002,supporting methodology,information retrieval evaluation,rank-aware evaluation,(n)DCG,n/a,n/a,defines NDCG used in PR01 and X02b,ranking metric,—,—,methodology,https://doi.org/10.1145/582415.582418,ACM DL record,2026-09-27
efron1993bootstrap,"B. Efron, R. J. Tibshirani, An Introduction to the Bootstrap, Chapman & Hall (1993)",1993,supporting methodology,statistics,resampling inference,bootstrap,n/a,n/a,basis for percentile bootstrap intervals,interval estimation,—,—,methodology,https://www.taylorfrancis.com/books/mono/10.1201/9780429246593/introduction-bootstrap-bradley-efron-tibshirani,publisher page,2026-09-27
amaral2018uci498,"C. Amaral, M. Fantinato, S. Peres, Incident management process enriched event log, UCI Machine Learning Repository (2018), doi:10.24432/C57S4H, CC BY 4.0",2018,dataset,IT service management,real ServiceNow incident event log,event log enriched with database fields,141712 events; 24918 incidents,n/a,external dataset for X02b/X03,workflow timestamps and states,IT service desk not SOC; SLA outcome,single organisation,external validation,https://doi.org/10.24432/C57S4H,UCI dataset page,2026-09-27
sharafaldin2018cicids,"I. Sharafaldin, A. H. Lashkari, A. A. Ghorbani, Toward Generating a New Intrusion Detection Dataset and Intrusion Traffic Characterization, ICISSP 2018, pp. 108-116, doi:10.5220/0006639801080116",2018,dataset,intrusion detection,labelled network traffic dataset (CIC-IDS2017),testbed traffic generation,5 days of traffic,n/a,assessed as unsuitable external dataset,security telemetry,no analyst workflow,no workflow fields,external validation; supplementary,https://doi.org/10.5220/0006639801080116,SciTePress record,2026-09-27
